,title,author,publication_date,format,current_price,original_price
0,How to Paint Without a Brush,Red Hong Yi,11 May 2023,Hardback,US$31.32,US$35.00
1,Atomic Habits,James Clear,27 Nov 2018,Paperback,US$19.63,US$21.67
2,The Letters I Will Never Send,Isabella Dorta,16 Mar 2023,Paperback,US$16.16,US$18.06
3,Young Forever,Mark Hyman,16 Feb 2023,Paperback,US$15.97,US$20.47
4,Things We Hide From The Light,Lucy Score,21 Feb 2023,Paperback,US$10.96,
5,UPROAR!,Alice Loxton,02 Mar 2023,Hardback,US$26.95,US$30.12
6,The Parenting Map,Shefali Tsabary,27 Apr 2023,Hardback,US$31.36,
7,It Ends With Us: The most heartbreaking novel you'll ever read,Colleen Hoover,02 Aug 2016,Paperback,US$9.98,US$11.10
8,Final Offer,Lauren Asher,31 Jan 2023,Paperback,US$11.58,US$12.03
9,Before the Coffee Gets Cold,Toshikazu Kawaguchi,19 Sep 2019,Paperback,US$11.07,US$12.03
10,The Body Keeps the Score,Bessel van der Kolk,24 Sep 2015,Paperback,US$15.36,US$15.65
11,The Parenting Map,Dr Shefali Tsabary,02 Mar 2023,Paperback,US$18.32,US$20.47
12,Seven Husbands of Evelyn Hugo,Taylor Jenkins Reid,14 Oct 2021,Paperback,US$11.28,
13,Things We Never Got Over,Lucy Score,14 Jul 2022,Paperback,US$10.46,US$10.83
14,The Fine Print,Lauren Asher,27 Jan 2022,Paperback,US$10.85,US$12.03
15,Icebreaker,Hannah Grace,19 Jan 2023,Paperback,US$11.28,
16,Twisted Love,Ana Huang,05 May 2022,Paperback,US$10.38,US$12.03
17,The Midnight Library,Matt Haig,18 Feb 2021,Paperback,US$11.38,
18,Verity,Colleen Hoover,20 Jan 2022,Paperback,US$10.54,US$10.83
19,The Psychology of Money,Morgan Housel,08 Sep 2020,Paperback,US$15.04,US$18.99
20,I Don't Need Therapy,Toni Lodge,28 Feb 2023,Paperback,US$20.09,US$22.45
21,Twisted Games,Ana Huang,05 May 2022,Paperback,US$10.89,US$12.03
22,Me vs Brain,Hayley Morris,16 Mar 2023,Hardback,US$20.47,US$22.88
23,Heaven Official's Blessing: Tian Guan Ci Fu (Novel) Vol. 5,Mo Xiang Tong Xiu,20 Dec 2022,Paperback,US$18.71,US$19.99
24,"The Boy, The Mole, The Fox and The Horse",Charlie Mackesy,04 Nov 2019,Hardback,US$20.13,US$20.47
25,Terms and Conditions,Lauren Asher,17 Mar 2022,Paperback,US$11.66,US$12.03
26,The Daily Stoic,Ryan Holiday,03 Jan 2017,Paperback,US$11.65,US$13.24
27,Spare,Prince Harry the Duke of Sussex,10 Jan 2023,Hardback,US$24.28,US$33.73
28,Foster,Claire Keegan,18 Aug 2022,Paperback,US$9.30,US$10.83
29,Small Things Like These,Claire Keegan,03 Nov 2022,Paperback,US$9.59,US$10.83
30,Strong Female Character,Fern Brady,16 Feb 2023,Hardback,US$17.10,US$20.47
31,The Adventure Zone: The Eleventh Hour,Clint McElroy,21 Feb 2023,Paperback,US$19.02,US$19.99
32,Twisted Hate,Ana Huang,05 May 2022,Paperback,US$11.26,US$12.03
33,Twisted Lies,Ana Huang,01 Aug 2022,Paperback,US$11.50,US$12.03
34,Daisy Jones and The Six,Taylor Jenkins Reid,09 Jan 2020,Paperback,US$13.15,
35,The Kindness Method,Shahroo Izadi,27 May 2021,Paperback,US$10.17,US$12.03
36,Loss,Donna Ashworth,04 Oct 2022,Hardback,US$9.72,US$16.99
37,The Silent Patient,Alex Michaelides,15 Jan 2020,Paperback,US$10.22,US$10.83
38,The One Thing,Gary Keller,10 May 2016,Paperback,US$9.72,US$13.24
39,Scattered Minds,Gabor Mate,03 Jan 2019,Paperback,US$15.51,
40,12 Rules for Life,Jordan B. Peterson,07 May 2019,Paperback,US$13.01,US$13.24
41,Four Thousand Weeks,Oliver Burkeman,07 Apr 2022,Paperback,US$13.36,
42,Grandmaster of Demonic Cultivation: Mo Dao Zu Shi (Novel) Vol. 5 (Special Edition),Mo Xiang Tong Xiu;,02 May 2023,Paperback,US$24.16,US$26.99
43,Grandmaster of Demonic Cultivation: Mo Dao Zu Shi (Novel) Vol. 4,Mo Xiang Tong Xiu,13 Dec 2022,Paperback,US$17.61,US$19.99
44,Bored of Lunch: The Healthy Slow Cooker Book,Nathan Anthony,05 Jan 2023,Hardback,US$23.36,
45,There Are Moms Way Worse Than You,Glenn Boozan,29 Mar 2022,Hardback,US$22.02,
46,Rethink Your Position,Katy Bowman,11 May 2023,Paperback,US$17.86,US$19.95
47,Heaven Official's Blessing: Tian Guan Ci Fu (Novel) Vol. 4,Mo Xiang Tong Xiu,20 Sep 2022,Paperback,US$18.12,US$19.99
48,The Invisible Life of Addie LaRue - Illustrated edition,V.E. Schwab,01 Oct 2022,Hardback,US$21.19,US$22.88
49,The Husky and His White Cat Shizun: Erha He Ta De Bai Mao Shizun (Novel) Vol. 2,Rou Bao Bu Chi Rou,24 Jan 2023,Paperback,US$19.78,US$19.99
50,"Thinking, Fast and Slow",Daniel Kahneman,24 May 2012,Paperback,US$15.12,US$20.25
51,The Secret History,Donna Tartt,01 Jul 1995,Paperback,US$13.18,US$14.22
52,Cleopatra and Frankenstein,Coco Mellors,16 Feb 2023,Paperback,US$12.43,
53,Glucose Revolution,Jessie Inchauspe,31 Mar 2022,Paperback,US$15.26,US$20.47
54,Heaven Official's Blessing: Tian Guan Ci Fu (Novel) Vol. 3,Mo Xiang Tong Xiu,12 Jul 2022,Paperback,US$15.42,US$19.99
55,Where the Crawdads Sing,Delia Owens,20 Dec 2019,Paperback,US$9.85,US$12.03
56,A Good Girl's Guide to Murder,Holly Jackson,17 Oct 2019,Paperback,US$10.88,
57,"Sasaki and Miyano, Vol. 7",Shou Harusono,21 Feb 2023,Paperback,US$11.39,US$13.00
58,Adult Children of Emotionally Immature Parents,Lindsay C Gibson,25 Jun 2015,Paperback,US$13.27,US$18.95
59,Magnolia Parks,Jessa Hastings,01 Dec 2022,Paperback,US$14.43,US$15.65
60,The Power of Now,Eckhart Tolle,07 Jan 2016,Paperback,US$21.60,
61,Everything I Know About Love,Dolly Alderton,07 Feb 2019,Paperback,US$12.65,US$13.24
62,No Bad Parts,Richard C. Schwartz,06 Jul 2021,Paperback,US$14.59,US$19.99
63,Heaven Official's Blessing: Tian Guan Ci Fu (Novel) Vol. 6,Mo Xiang Tong Xiu,30 May 2023,Paperback,US$17.89,US$19.99
64,Attached,Amir Levine,22 Aug 2019,Paperback,US$12.31,US$13.24
65,"Vagabond (VIZBIG Edition), Vol. 2",Takehiko Inoue,14 Aug 2014,Paperback,US$23.97,
66,Matilda,Roald Dahl,16 Aug 2007,Paperback,US$9.32,
67,When the Body Says No,Gabor Mate,03 Jan 2019,Paperback,US$15.24,US$15.65
68,The Stranger,Albert Camus,09 Aug 2016,Paperback,US$12.28,US$15.00
69,Sabai,Pailin Chongchitnant,14 Mar 2023,Hardback,US$36.46,
70,Manifest,Roxie Nafousi,06 Jan 2022,Hardback,US$18.12,US$20.47
71,The Untethered Soul,Michael A. Singer,07 Nov 2007,Paperback,US$13.27,US$18.95
72,Ugly Love,Colleen Hoover,21 Jan 2016,Paperback,US$9.79,US$13.00
73,Daisy Haites: The Great Undoing,Jessa Hastings,15 Dec 2022,Paperback,US$14.22,US$15.65
74,The Tools,Phil Stutz,09 Oct 2014,Paperback,US$15.00,US$18.00
75,Young Forever,Dr Mark Hyman,21 Feb 2023,Hardback,US$28.44,US$29.00
76,Lessons in Chemistry,Bonnie Garmus,02 Mar 2023,Paperback,US$13.60,
77,Better Than the Movies,Lynn Painter,04 Aug 2022,Paperback,US$10.33,US$12.99
78,Daisy Haites,Jessa Hastings,15 Dec 2022,Paperback,US$14.77,US$15.65
79,Meditations,Marcus Aurelius,06 Feb 2019,Paperback,US$9.50,US$11.00
80,No Longer Human,Osamu Dazai,01 Jan 2020,Paperback,US$11.90,US$14.95
81,If We Were Villains: The Sensational TikTok Book Club pick,M. L. Rio,13 Jun 2017,Paperback,US$11.12,
82,Dopamine Nation,Dr Anna Lembke,19 Jan 2023,Paperback,US$10.24,US$13.24
83,King of Wrath,Ana Huang,01 Dec 2022,Paperback,US$10.62,US$12.03
84,The Invisible String,Patrice Karst,06 Dec 2018,Paperback,US$9.86,
85,The Thursday Murder Club,Richard Osman,13 May 2021,Paperback,US$10.82,US$12.03
86,Start With Why,Simon Sinek,11 Oct 2011,Paperback,US$11.16,US$21.75
87,The Concise 48 Laws Of Power,Robert Greene,13 Jun 2002,Paperback,US$10.82,US$15.50
88,A Man Called Ove,Fredrik Backman,07 May 2015,Paperback,US$8.84,US$10.83
89,The Song of Achilles,Madeline Miller,21 Sep 2017,Paperback,US$12.79,
90,How to Meet Your Self,Nicole LePera,08 Dec 2022,Paperback,US$20.11,US$24.09
91,Never Split the Difference,Chris Voss,23 Mar 2017,Paperback,US$13.36,
92,Crime and Punishment,Fyodor Dostoevsky,05 May 2000,Paperback,US$8.32,
93,The Hurting Kind,Ada Limon,18 Aug 2022,Paperback,US$12.32,US$15.65
94,1984,George Orwell,01 Oct 2008,Paperback,US$11.47,US$17.75
95,Climate,Whitney Hanson,10 Nov 2022,Paperback,US$17.46,
96,Chain of Thorns,Cassandra Clare,01 Feb 2023,Hardback,US$29.27,
97,Mindset - Updated Edition,Dr Carol Dweck,11 Apr 2017,Paperback,US$12.93,US$15.65
98,Magnolia Parks: The Long Way Home,Jessa Hastings,15 Dec 2022,Paperback,US$15.99,
99,The Art of War,Sun Tzu,14 Oct 2011,Paperback,US$4.46,US$6.00
100,The Book of Disquiet,Fernando Pessoa,18 Jan 2011,Paperback,US$11.29,US$14.95
101,The Things We Leave Unfinished,Rebecca Yarros,24 Nov 2022,Paperback,US$12.70,
102,I Wish I Knew,Donna Ashworth,13 May 2022,Hardback,US$10.79,US$16.99
103,Heaven Official's Blessing: Tian Guan Ci Fu (Novel) Vol. 2,Mo Xiang Tong Xiu,15 Feb 2022,Paperback,US$14.77,US$19.99
104,Normal People,Sally Rooney,23 Jul 2019,Paperback,US$11.25,US$12.03
105,Never Let Me Go,Kazuo Ishiguro,01 Feb 2010,Paperback,US$12.29,
106,The Very Hungry Caterpillar,Eric Carle,30 Sep 2001,Board book,US$10.12,
107,Girl in Pieces,Kathleen Glasgow,06 Oct 2016,Paperback,US$10.91,
108,Grandmaster of Demonic Cultivation: Mo Dao Zu Shi (Manhua) Vol. 1,Mo Xiang Tong Xiu,07 Mar 2023,Paperback,US$17.89,US$19.99
109,Grandmaster of Demonic Cultivation: Mo Dao Zu Shi (Novel) Vol. 3,Mo Xiang Tong Xiu,16 Aug 2022,Paperback,US$16.39,US$19.99
110,This is How You Lose the Time War,Amal El-Mohtar,18 Jul 2019,Paperback,US$8.65,US$13.24
111,Once Upon A Broken Heart,Stephanie Garber,30 Jun 2022,Paperback,US$10.67,US$10.83
112,All About Love,bell hooks,30 Jan 2018,Paperback,US$12.42,US$16.99
113,Surrounded by Idiots,Thomas Erikson,30 Jul 2019,Paperback,US$12.28,US$13.24
114,The Husky and His White Cat Shizun: Erha He Ta De Bai Mao Shizun (Novel) Vol. 1,Rou Bao Bu Chi Rou,15 Nov 2022,Paperback,US$17.20,US$19.99
115,Heaven Official's Blessing: Tian Guan Ci Fu (Novel) Vol. 7,Mo Xiang Tong Xiu,12 Sep 2023,Paperback,US$17.89,US$19.99
116,Crooked Kingdom Collector's Edition,Leigh Bardugo,05 Sep 2019,Hardback,US$18.99,US$20.47
117,The Four Agreements,Don Miguel Ruiz,07 Nov 1997,Paperback,US$11.71,US$12.95
118,Heaven Official's Blessing,Mo Xiang Tong Xiu,14 Dec 2021,Paperback,US$16.15,US$19.99
119,Tales from the Cafe,Toshikazu Kawaguchi,24 Sep 2020,Paperback,US$10.98,US$12.03
120,"Vagabond (VIZBIG Edition), Vol. 3",Takehiko Inoue,11 Sep 2014,Paperback,US$23.75,
121,Have You Filled A Bucket Today?,Carol McCloud,01 Oct 2015,Paperback,US$10.47,
122,Conversations on Love,Natasha Lunn,03 Feb 2022,Paperback,US$12.38,US$13.24
123,Una Luz En La Llama,Jennifer Armentrout,04 Apr 2023,Paperback,US$19.62,US$21.92
124,Six of Crows: Collector's Edition,Leigh Bardugo,11 Oct 2018,Hardback,US$20.09,US$20.47
125,The Herbal Astrology Oracle,Adriana Ayales,18 Oct 2022,Cards,US$17.13,US$26.99
126,The Man Who Died Twice,Richard Osman,12 May 2022,Paperback,US$11.17,
127,The Virgin Suicides,Jeffrey Eugenides,13 May 2021,Paperback,US$10.74,
128,"The Angel Next Door Spoils Me Rotten, Vol. 5 (light novel)",Saekisan,21 Feb 2023,Paperback,US$13.06,US$15.00
129,Cold Enough for Snow,Jessica Au,23 Feb 2022,Paperback,US$12.05,US$15.00
130,"Girl, Interrupted",Susanna Kaysen,17 Feb 2000,Paperback,US$15.27,
131,The Mysteries,Bill Watterson,23 Nov 2023,Hardback,US$17.89,US$19.99
132,The Reverse Coloring Book (R),Kendra Norton,31 Aug 2021,Paperback,US$33.10,
133,The Science of Stuck: Breaking Through Inertia to Find Your Path Forward,Britt Frank,22 Mar 2022,Paperback,US$14.09,US$18.06
134,"Vagabond (VIZBIG Edition), Vol. 1",Takehiko Inoue,03 Jul 2014,Paperback,US$25.40,
135,The Bell Jar,Sylvia Plath,15 Aug 2011,Paperback,US$10.84,US$12.95
136,You Hung the Moon,Jessica Urlichs,28 Feb 2023,Hardback,US$16.10,US$17.99
137,Giraffes Can't Dance,Giles Andreae,01 May 2014,Paperback,US$13.16,
138,Birnam Wood,Eleanor Catton,02 Mar 2023,Paperback,US$19.89,
139,Thousand Autumns: Qian Qiu (Novel) Vol. 1,Meng Xi Shi,14 Mar 2023,Paperback,US$17.89,US$19.99
140,Emily Wilde's Encyclopaedia of Faeries,Heather Fawcett,19 Jan 2023,Hardback,US$20.20,
141,The Very Hungry Caterpillar: Little Learning Library,Eric Carle,10 Jan 2011,Board book,US$9.61,US$11.00
142,"Toilet-bound Hanako-kun, Vol. 17",Aidalro,21 Feb 2023,Paperback,US$10.57,US$13.00
143,The Maria Thun Biodynamic Calendar 2023: 2023,Titia Thun,15 Sep 2022,Paperback,US$11.67,
144,Reminders of Him,Colleen Hoover,25 Jan 2022,Paperback,US$12.63,US$15.95
145,Dear Zoo,Rod Campbell,08 May 2007,Board book,US$8.24,
146,The Light Seer's Tarot,Chris-Anne,03 Dec 2019,Cards,US$17.49,US$24.99
147,how sunflowers bloom under moonlight,Isabella Dorta,14 Feb 2022,Paperback,US$14.22,
148,Women Who Run with the Wolves,Clarissa Pinkola Estes,01 Jan 1997,Paperback,US$13.99,
149,How the World Really Works,Vaclav Smil,06 Oct 2022,Paperback,US$12.44,US$13.24
150,The Witches,Roald Dahl,16 Aug 2007,Paperback,US$8.83,US$8.99
151,Come as You Are: Revised and Updated,Emily Nagoski,02 Mar 2021,Paperback,US$17.56,US$18.99
152,Convenience Store Woman,Sayaka Murata,05 Aug 2019,Paperback,US$8.87,US$10.83
153,Two Weeks Notice,Amy Porterfield,21 Feb 2023,Hardback,US$21.39,US$22.88
154,"Good Vibes, Good Life",Vex King,04 Dec 2018,Paperback,US$11.75,US$16.99
155,Never Finished,David Goggins,06 Dec 2022,Paperback,US$29.03,
156,The World According to Kaleb,Kaleb Cooper,18 Apr 2023,Hardback,US$17.96,US$24.99
157,Leviathan Falls,James S. A. Corey,09 Feb 2023,Paperback,US$12.09,US$13.24
158,Meditations,Marcus Aurelius,17 Nov 2015,Paperback,US$9.87,US$11.00
159,The Intelligent Investor,Benjamin Graham,23 Oct 2003,Paperback,US$22.03,US$25.99
160,Can't Not Won't,Eliza Fricker,21 Feb 2023,Paperback,US$16.68,US$18.95
161,Three Widows,Patricia Gibney,10 Feb 2023,Paperback,US$17.36,
162,The Love Hypothesis,Ali Hazelwood,21 Oct 2021,Paperback,US$10.45,US$10.83
163,Marriage for One,Ella Maise,27 Oct 2022,Paperback,US$12.37,
164,The Bell Jar,Sylvia Plath,06 Oct 2022,Hardback,US$18.28,
165,Lockwood & Co: The Whispering Skull,Jonathan Stroud,26 Feb 2015,Paperback,US$11.96,
166,Charlie and the Chocolate Factory,Roald Dahl,16 Aug 2007,Paperback,US$8.42,US$8.99
167,Braiding Sweetgrass,Robin Wall Kimmerer,23 Apr 2020,Paperback,US$12.90,US$13.24
168,Roald Dahl's Marvellous Joke Book,Roald Dahl,06 Sep 2012,Paperback,US$7.86,US$8.20
169,The Last Bear,Hannah Gold,06 Jan 2022,Paperback,US$10.26,
170,Blue Lock 5,Muneyuki Kaneshiro,21 Feb 2023,Paperback,US$12.15,US$12.99
171,What to Do When You Worry Too Much,Dawn Huebner,15 Sep 2005,Paperback,US$16.32,US$16.99
172,Stolen Focus,Johann Hari,05 Jan 2023,Paperback,US$12.91,US$13.24
173,Heaven,Mieko Kawakami,12 May 2022,Paperback,US$10.74,US$12.03
174,Look Inside Your Body,Louie Stowell,08 Jan 2021,Board book,US$15.36,US$15.69
175,"Good Girl, Bad Blood",Holly Jackson,01 May 2020,Paperback,US$10.50,US$10.83
176,The Inheritance Games,Jennifer Lynn Barnes,27 Jul 2021,Paperback,US$12.49,
177,The Gray Man,Mark Greaney,09 Oct 2014,Paperback,US$15.25,
178,ADHD 2.0,Edward M. Hallowell,04 Jan 2022,Paperback,US$13.68,US$18.00
179,Fantastic Mr. Fox,Roald Dahl,16 Aug 2007,Paperback,US$8.19,
180,Animal Farm,George Orwell,01 Oct 2008,Paperback,US$10.47,US$17.75
181,Hirano and Kagiura (novel),Shou Harusono,21 Feb 2023,Paperback,US$13.00,US$15.00
182,Queen K,Sarah Thomas,16 Feb 2023,Hardback,US$14.42,US$18.06
183,Grandmaster of Demonic Cultivation: Mo Dao Zu Shi (Novel) Vol. 2,Mo Xiang Tong Xiu,17 May 2022,Paperback,US$15.94,US$19.99
184,I Who Have Never Known Men,Jacqueline Harpman,02 May 2019,Paperback,US$10.89,US$12.03
185,A Day of Fallen Night,Samantha Shannon,28 Feb 2023,Hardback,US$27.17,
186,November 9,Colleen Hoover,11 Nov 2015,Paperback,US$10.70,US$13.00
187,"One Piece (Omnibus Edition), Vol. 2",Eiichiro Oda,18 Aug 2011,Paperback,US$16.91,
188,One True Loves,Taylor Jenkins Reid,20 Jan 2022,Paperback,US$10.81,
189,Legends & Lattes,Travis Baldree,10 Nov 2022,Hardback,,
190,Warbreaker,Brandon Sanderson,29 Dec 2011,Paperback,US$12.89,US$19.50
191,"Jujutsu Kaisen, Vol. 18",Gege Akutami,02 Feb 2023,Paperback,US$10.44,
192,A Pilgrim's Guide to the Camino De Santiago,John Brierley,25 Jan 2023,Paperback,US$23.28,US$29.99
193,The Little Prince,Antoine de Saint-Exupery,01 Jan 1998,Paperback,US$4.21,US$5.99
194,Ramadan Reflections,Aliyah Umm Raiyaan,02 Mar 2023,Paperback,US$14.01,US$15.65
195,AMYGDALA,Sam Fennah,13 Feb 2023,Hardback,US$71.35,US$144.11
196,Life,Donna Ashworth,04 Oct 2022,Hardback,US$9.72,US$16.99
197,Hold on to Your Kids,Gabor Mate,03 Jan 2019,Paperback,US$14.23,US$15.65
198,Persiana Everyday,Sabrina Ghayour,04 Aug 2022,Hardback,US$28.97,US$31.32
199,Batman/Superman: World's Finest Vol. 1,Mark Waid,07 Mar 2023,Hardback,US$24.13,US$24.99
200,The Courage To Be Disliked,Ichiro Kishimi,23 Jul 2019,Paperback,US$11.40,US$13.24
201,Last Violent Call,Chloe Gong,28 Feb 2023,Hardback,US$23.23,
202,The Husky and His White Cat Shizun: Erha He Ta De Bai Mao Shizun (Novel) Vol. 3,Rou Bao Bu Chi Rou,29 Aug 2023,Paperback,US$17.89,US$19.99
203,The Ruthless Elimination of Hurry,John Mark Comer,31 Oct 2019,Paperback,US$13.54,US$18.06
204,Harry Potter and the Philosopher's Stone: MinaLima Edition,J. K. Rowling,27 Mar 2021,Hardback,US$57.81,
205,Shoe Dog,Phil Knight,03 May 2018,Paperback,US$13.16,
206,Heartstopper Volume 1,Alice Oseman,02 Feb 2023,Hardback,US$20.80,
207,Mythos,Stephen Fry,26 Jul 2018,Paperback,US$13.31,
208,Letters To Milena,Franz Kafka,18 May 1999,Paperback,US$6.72,US$10.83
209,"Philadelphia, Here I Come",Brian Friel,01 Mar 1994,Paperback,US$10.00,US$16.00
210,Deep Work,Cal Newport,05 Jan 2016,Paperback,US$14.20,US$18.06
211,The Book You Wish Your Parents Had Read (and Your Children Will Be Glad That You Did),Philippa Perry,31 Dec 2020,Paperback,US$12.42,US$13.24
212,The Selfish Gene,Richard Dawkins,01 Jun 2018,Paperback,US$11.99,US$15.95
213,Better Brand Health,Jenni Romaniuk,17 Feb 2023,Hardback,US$29.54,
214,I'm Glad My Mom Died,Jennette McCurdy,15 Sep 2022,Hardback,US$21.30,US$27.99
215,The Seven Principles For Making Marriage Work,John Gottman,22 Mar 2018,Paperback,US$12.24,
216,The Emotional Lives of Teenagers,Lisa Damour,23 Feb 2023,Paperback,US$15.28,US$18.06
217,The Creative Act,Rick Rubin,17 Jan 2023,Hardback,US$30.76,
218,Unmasking Autism,Devon Price,07 Apr 2022,Hardback,US$17.22,US$20.47
219,Six Crimson Cranes,Elizabeth Lim,26 Jul 2022,Paperback,US$11.08,
220,Metabolical,Dr Robert Lustig,04 May 2021,Paperback,US$21.87,
221,Fleabag: The Scriptures,Phoebe Waller-bridge,13 May 2021,Paperback,US$17.56,US$20.47
222,The Happiest Man on Earth,Eddie Jaku,20 Jan 2022,Paperback,US$11.90,US$13.24
223,A Court of Thorns and Roses,Sarah J. Maas,05 Jun 2020,Paperback,US$11.20,
224,Mort,Terry Pratchett,13 Nov 2013,Hardback,US$24.44,US$24.99
225,The Happiness Trap 2nd Edition,Russ Harris,07 Apr 2022,Paperback,US$13.15,US$15.65
226,The Last Hours: Chain of Thorns,Cassandra Clare,31 Jan 2023,Hardback,US$20.93,
227,Things We Left Behind,Lucy Score,05 Sep 2023,Paperback,US$12.16,
228,Freezing Order,Bill Browder,02 Feb 2023,Paperback,US$11.69,US$12.03
229,Speak Italian,Bruno Munari,01 Apr 2005,Paperback,US$11.17,US$15.95
230,Die With Zero,Bill Perkins,16 Aug 2021,Paperback,US$15.52,US$18.99
231,Everything I Never Told You,Celeste Ng,13 Nov 2014,Paperback,US$15.05,
232,The Island of Missing Trees,Elif Shafak,07 Apr 2022,Paperback,US$11.77,US$12.03
233,The Twits,Roald Dahl,16 Aug 2007,Paperback,US$8.25,
234,Cain's Jawbone,Ernest Powys Mathers,08 Jul 2021,Paperback,US$10.35,US$12.95
235,The Laws of Human Nature,Robert Greene,24 Oct 2018,Paperback,US$21.28,US$21.67
236,Queer Chameleon and Friends,Amee Wilson,14 Feb 2023,Hardback,US$29.31,
237,Remnants of Filth: Yuwu (Novel) Vol. 1,Rou Bao Bu Chi Rou,25 Apr 2023,Paperback,US$17.89,US$19.99
238,The Pain Management Workbook,Rachel Zoffness,01 Dec 2020,Paperback,US$38.71,
239,The Complete Life and Times of Scrooge McDuck Volume 1,Don Rosa,09 Apr 2019,Hardback,US$48.16,
240,Before We Were Strangers,Renee Carlino,24 Nov 2022,Paperback,US$11.66,
241,The Scum Villain's Self-Saving System: Ren Zha Fanpai Zijiu Xitong (Novel) Vol. 2,Mo Xiang Tong Xiu,19 Apr 2022,Paperback,US$15.30,US$19.99
242,Rich Dad Poor Dad,Robert T. Kiyosaki,19 May 2022,Paperback,US$10.35,
243,Rich Dad Poor Dad,Robert T. Kiyosaki,31 Oct 2018,Paperback,US$9.63,
244,Archer's Voice,Mia Sheridan,08 Dec 2022,Paperback,US$14.37,US$16.99
245,A Court of Thorns and Roses Paperback Box Set (5 books),Sarah J. Maas,01 Nov 2022,Paperback,US$64.58,
246,Berserk Deluxe Volume 13,Kentaro Miura,21 Mar 2023,Hardback,US$47.52,US$49.99
247,I Want My Hat Back,Jon Klassen,04 Oct 2012,Paperback,US$8.55,US$15.50
248,A Thousand Boy Kisses,Tillie Cole,04 Aug 2022,Paperback,US$12.88,
249,All Your Perfects,Colleen Hoover,31 Mar 2022,Paperback,US$9.60,US$10.83
250,Kill For Me Kill For You,Steve Cavanagh,03 Aug 2023,Hardback,US$16.79,US$18.06
251,Lessons in Chemistry,Bonnie Garmus,05 Apr 2022,Hardback,US$21.24,
252,Beautiful Oops!,Barney Saltzberg,01 Oct 2010,Hardback,US$13.23,US$16.95
253,"Villains Are Destined to Die, Vol. 2",Gwon Gyeoeul,21 Feb 2023,Paperback,US$20.43,
254,Love,Donna Ashworth,04 Oct 2022,Hardback,US$9.75,US$16.99
255,The Dangers of Smoking in Bed,Mariana Enriquez,03 Feb 2022,Paperback,US$9.04,US$10.83
256,The Obstacle is the Way,Ryan Holiday,31 Oct 2018,Paperback,US$10.70,US$15.08
257,Classroom of the Elite (Light Novel) Vol. 8,Syougo Kinugasa,22 Jun 2021,Paperback,US$16.95,
258,Mushoku Tensei: Jobless Reincarnation (Light Novel) Vol. 3,Rifujin Na Magonote,29 Oct 2019,Paperback,US$15.67,
259,Mushoku Tensei: Jobless Reincarnation (Light Novel) Vol. 2,Rifujin Na Magonote,30 Jul 2019,Paperback,US$16.15,
260,The Husky and His White Cat Shizun: Erha He Ta De Bai Mao Shizun (Novel) Vol. 4,Rou Bao Bu Chi Rou,07 Nov 2023,Paperback,US$17.89,US$19.99
261,The Scum Villains Self-Saving System: Ren Zha Fanpai Zijiu Xitong (Novel) Vol. 4,Mo Xiang Tong Xiu,01 Nov 2022,Book,US$16.04,US$19.99
262,The Scum Villain's Self-Saving System: Ren Zha Fanpai Zijiu Xitong (Novel) Vol. 3,Mo Xiang Tong Xiu,01 Aug 2022,Paperback,US$16.05,US$19.99
263,The Case Against the Sexual Revolution,L Perry,29 Aug 2022,Paperback,US$18.28,US$19.95
264,How to Win Friends and Influence People,Dale Carnegie,16 May 2011,Paperback,US$12.12,
265,The Priory of the Orange Tree,Samantha Shannon,06 Feb 2020,Paperback,US$17.50,
266,Dead Poets Society,N.H. Kleinbaum,07 Dec 2006,Paperback,US$8.73,US$8.99
267,40 Days of Decrease,Alicia Britt Chole,18 Feb 2016,Paperback,US$13.64,US$18.99
268,Meet Mario! (Nintendo),Malcolm Shealy,25 May 2021,Paperback,US$5.85,US$5.99
269,Roadside Picnic,Boris Strugatsky,11 Oct 2012,Paperback,US$8.62,US$18.00
270,Klara and the Sun,Kazuo Ishiguro,03 Mar 2022,Paperback,US$11.57,US$12.03
271,"Godel, Escher, Bach",Douglas R. Hofstadter,21 Sep 2011,Paperback,US$25.60,
272,Why We Sleep,Matthew Walker,31 Oct 2018,Paperback,US$12.72,US$14.99
273,The Crucible,Arthur Miller,24 Feb 2000,Paperback,US$9.74,US$10.83
274,Flow,Mihaly Csikszentmihalyi,24 Jun 2011,Paperback,US$10.54,US$16.99
275,"Chainsaw Man, Vol. 4",Tatsuki Fujimoto,27 May 2021,Paperback,US$9.34,US$9.99
276,The Art Of Seduction,Robert Greene,13 Sep 2012,Paperback,US$19.69,US$23.72
277,The 48 Laws Of Power,Robert Greene,20 Nov 2000,Paperback,US$21.75,US$23.72
278,The Dispossessed,Ursula K. Le Guin,12 Aug 1999,Paperback,US$7.92,US$13.94
279,The Comfort Book,Matt Haig,17 Mar 2022,Paperback,US$10.17,US$12.03
280,The Mini ADHD Coach,Alice Gendron,27 Jul 2023,Hardback,US$18.32,US$20.47
281,"Tomorrow, and Tomorrow, and Tomorrow",Gabrielle Zevin,14 Jul 2022,Hardback,US$22.40,
282,Ego is the Enemy,Ryan Holiday,31 Oct 2018,Paperback,US$10.09,US$15.87
283,Grandmaster of Demonic Cultivation,Mo Xiang Tong Xiu,14 Dec 2021,Paperback,US$17.09,US$19.99
284,Brain Energy,Christopher M. Palmer,15 Nov 2022,Hardback,US$23.77,US$28.95
285,The Last Tale of the Flower Bride,Roshani Chokshi,16 Feb 2023,Hardback,US$16.91,US$20.47
286,I May Be Wrong,Bjoern Natthiko Lindeblad,05 Jan 2023,Paperback,US$10.18,US$12.03
287,"The Long Way to a Small, Angry Planet",Becky Chambers,31 Dec 2015,Paperback,US$7.82,
288,The Folk of the Air Boxset,Holly Black,08 Oct 2020,Novelty book,US$26.89,US$32.51
289,The Inner Game of Tennis,W Timothy Gallwey,27 Jul 2015,Paperback,US$11.53,US$13.24
290,The 13-Storey Treehouse,Andy Griffiths,20 Mar 2015,Paperback,US$12.72,
291,The Priory of the Orange Tree,Samantha Shannon,26 Feb 2019,Hardback,US$25.57,
292,It Starts with Us,Colleen Hoover,18 Oct 2022,Hardback,US$17.72,US$18.06
293,The Alloy of Law,Brandon Sanderson,01 Nov 2012,Paperback,US$9.59,US$20.25
294,Do Androids Dream Of Electric Sheep?: The inspiration behind Blade Runner and Blade Runner 2049,Philip K. Dick,29 Mar 2010,Paperback,US$8.36,US$12.50
295,Otherlands,Thomas Halliday,02 Feb 2023,Paperback,US$14.45,
296,The Dawn of Everything,David Graeber,02 Jun 2022,Paperback,US$16.23,
297,Roald Dahl's Glorious Galumptious Story Collection,Roald Dahl,24 Oct 2016,Paperback,US$38.67,
298,Quiet,Susan Cain,31 Oct 2018,Paperback,US$12.53,US$14.99
299,The Myth of Sisyphus,Albert Camus,01 Oct 2005,Paperback,US$8.92,US$11.00
300,The Complete MAUS,Art Spiegelman,02 Oct 2003,Paperback,US$21.27,US$23.75
301,Letters from a Stoic,Seneca,23 Aug 2017,Paperback,US$11.25,US$17.00
302,The Poppy War,R.F. Kuang,18 Oct 2018,Paperback,US$13.43,
303,"My Hero Academia, Vol. 33",Kohei Horikoshi,16 Mar 2023,Paperback,US$10.33,
304,"Given, Vol. 7",Natsuki Kizu,16 Mar 2023,Paperback,US$12.17,US$12.99
305,Gothikana: A Dark Academia Gothic Romance: TikTok Made Me Buy it!,RuNyx,16 Mar 2023,Paperback,US$12.93,
306,Damascus Station,David McCloskey,26 Jan 2023,Paperback,US$13.88,
307,Age Proof,Professor Rose Anne Kenny,11 Jul 2023,Paperback,US$10.37,US$17.99
308,Bunny,Mona Awad,06 Feb 2020,Paperback,US$14.40,
309,Victory City,Salman Rushdie,09 Feb 2023,Hardback,US$25.45,US$26.50
310,Ikigai,Héctor García,07 Sep 2017,Hardback,US$16.37,US$18.06
311,Dare to Lead,Brené Brown,17 Dec 2018,Paperback,US$16.59,US$18.06
312,Head and Heart,Kirstin Ferguson,31 Jan 2023,Paperback,US$33.04,
313,My Dress-up Darling 7,Shinichi Fukuda,31 Jan 2023,Paperback,US$14.29,US$14.99
314,"The Sun, the Sea and the Stars",Iulia Bochis,01 Sep 2022,Hardback,US$18.77,
315,Stories of Your Life and Others,Ted Chiang,11 Jun 2020,Paperback,US$11.70,US$12.03
316,A Court of Mist and Fury,Sarah J. Maas,06 Jun 2020,Paperback,US$13.16,
317,The Reverse Coloring Book (TM): Through the Seasons,Kendra Norton,29 Mar 2022,Paperback,US$11.85,US$14.95
318,Fleishman Is in Trouble,Taffy Brodesser-Akner,09 Jul 2020,Paperback,US$10.02,US$12.03
319,Confess,Colleen Hoover,19 Oct 2015,Paperback,US$9.67,US$15.00
320,A Million Kisses In Your Lifetime,Monica Murphy,01 Sep 2022,Paperback,US$13.21,
321,As Good As Dead,Holly Jackson,05 Aug 2021,Paperback,US$12.79,
322,Legends & Lattes,Travis Baldree,08 Nov 2022,Paperback,US$16.55,US$17.99
323,You Can Heal Your Life,Louise Hay,01 Jul 2004,Paperback,US$13.26,US$15.99
324,Totally Kosher,Chanie Apfelbaum,21 Mar 2023,Hardback,US$33.56,US$37.50
325,The Final Empire,Brandon Sanderson,01 Dec 2009,Paperback,US$12.77,US$14.22
326,Bobby Fischer Teaches Chess,Bobby Fischer,01 Oct 1992,Paperback,US$7.75,US$8.99
327,The Hobbit and the Lord of the Rings,J. R. R. Tolkien,21 Oct 2014,Paperback,US$57.17,US$59.99
328,Every Summer After,Carley Fortune,10 May 2022,Paperback,US$9.49,US$12.03
329,Why Has Nobody Told Me This Before?,Dr Julie Smith,06 Jan 2022,Hardback,US$20.09,US$20.47
330,Breath,James Nestor,08 Jul 2021,Paperback,US$12.27,US$13.24
331,A Gentleman in Moscow,Amor Towles,02 Nov 2017,Paperback,US$12.50,
332,Almond,Won-Pyung Sohn,22 Jul 2021,Paperback,US$11.89,US$16.99
333,Assassin's Apprentice,Robin Hobb,27 Mar 2014,Paperback,US$11.94,
334,Be Your Best Self,Rebekah Ballagh,14 Feb 2023,Paperback,US$35.36,
335,"Chainsaw Man, Vol. 1",Tatsuki Fujimoto,29 Oct 2020,Paperback,US$13.22,
336,The Menopause,Deirdre Lundy,23 Feb 2023,Paperback,US$18.30,US$19.26
337,Messi (Ultimate Football Heroes - the No. 1 football series),Matt & Tom Oldfield,01 Nov 2017,Paperback,US$6.67,US$10.99
338,Atlas of the Heart,Brené Brown,01 Dec 2022,Hardback,US$36.42,
339,Twisted,Emily McIntire,07 Feb 2023,Paperback,US$12.55,
340,Grand Blue Dreaming 18,Kimitake Yoshioka,21 Feb 2023,Paperback,US$12.98,
341,Belladonna,Adalyn Grace,30 Aug 2022,Hardback,US$23.57,
342,House of Earth and Blood,Sarah J. Maas,27 Apr 2023,Paperback,US$12.93,
343,House of Sky and Breath,Sarah J. Maas,11 May 2023,Paperback,US$13.17,
344,Notes on an Execution,Danya Kukafka,05 Jan 2023,Paperback,US$10.78,US$12.03
345,The State Of Affairs,Esther Perel,03 Oct 2019,Paperback,US$8.25,US$12.03
346,Elantris,Brandon Sanderson,08 Sep 2016,Paperback,US$12.32,US$13.24
347,Between the Chalk and the Sea,Gail Simmons,16 Feb 2023,Hardback,US$20.92,US$26.50
348,Hamnet,Maggie O'Farrell,15 Apr 2021,Paperback,US$11.59,US$12.03
349,Principles for Dealing with the Changing World Order,Ray Dalio,30 Nov 2021,Hardback,US$32.19,
350,Circe,Madeline Miller,24 Apr 2019,Paperback,US$12.82,
351,Harry Potter Box Set: The Complete Collection (Children's Paperback),J. K. Rowling,01 Dec 2020,Paperback,US$83.23,US$259.95
352,Zog,Julia Donaldson,14 Mar 2017,Paperback,US$8.32,US$9.63
353,Hold Me Tight,Dr Sue Johnson,03 Feb 2011,Paperback,US$13.13,US$28.25
354,The Power Of Positive Thinking,Norman Vincent Peale,21 May 1990,Paperback,US$12.31,
355,The Original Rider Waite Tarot Deck,A.E. Waite,10 Jun 1999,Cards,US$15.52,US$21.67
356,Lockwood & Co: The Screaming Staircase,Jonathan Stroud,03 Jul 2014,Paperback,US$12.23,
357,"Wheels On The Bus, The",Paul O. Zelinsky,15 Sep 2015,Book,US$17.49,US$24.99
358,Vermeer - The Rijksmuseum's major exhibition catalogue,,02 Mar 2023,Hardback,US$58.18,US$65.00
359,The Origins of You,Vienna Pharaon,21 Feb 2023,Hardback,US$18.56,US$22.88
360,Book Lovers,Emily Henry,12 May 2022,Paperback,US$10.81,
361,Metamorphosis,Franz Kafka,25 Aug 2022,Hardback,US$11.66,US$12.03
362,Pride and Prejudice,Jane Austen,06 Dec 2012,Paperback,US$9.38,US$9.60
363,Giovanni's Room,James Baldwin,26 Oct 2012,Paperback,US$8.75,US$11.00
364,Sapiens,Yuval Noah Harari,30 Apr 2015,Paperback,US$16.50,
365,Who Moved My Cheese,Dr Spencer Johnson,31 Oct 2018,Paperback,US$7.80,US$13.25
366,The Good Egg,Jory John,04 Mar 2021,Paperback,US$11.00,
367,The Alchemist,Paulo Coelho,01 Jun 2020,Paperback,US$9.69,
368,8 Rules of Love,Jay Shetty,31 Jan 2023,Hardback,US$22.80,US$24.09
369,The Tiger Who Came to Tea,Judith Kerr,06 Feb 2006,Paperback,US$10.72,
370,A Dictionary of Color Combinations,,17 Mar 2011,Paperback,US$20.62,US$22.29
371,"Komi Can't Communicate, Vol. 23",Tomohito Oda,30 Mar 2023,Paperback,US$9.45,US$9.99
372,The Mountain Is You,Brianna Wiest,01 Jun 2020,Paperback,US$30.03,
373,Lifting Heavy Things,Laura Khoudari,08 Jul 2021,Paperback,US$15.57,US$15.99
374,Things We Lost in the Fire,Mariana Enriquez,04 Oct 2018,Paperback,US$9.17,US$10.83
375,The Artist's Way,Julia Cameron,05 Nov 2020,Paperback,US$18.97,US$20.47
376,My Year of Rest and Relaxation,Ottessa Moshfegh,02 May 2019,Paperback,US$11.40,US$12.03
377,Invisible Women,Caroline Criado Perez,05 Mar 2020,Paperback,US$12.95,US$13.24
378,Way of the Superior Man,David Deida,01 Feb 2017,Paperback,US$17.18,US$18.95
379,Lonely Castle in the Mirror,Mizuki Tsujimura,08 Sep 2022,Paperback,US$13.01,
380,The Last Diet,Shahroo Izadi,31 Dec 2020,Paperback,US$10.67,US$12.03
381,The Colour of Magic,Terry Pratchett,07 Aug 2014,Hardback,US$13.81,US$18.06
382,"Love, Pamela",Pamela Anderson,31 Jan 2023,Hardback,US$18.45,US$24.09
383,A Little Life,Hanya Yanagihara,10 Mar 2017,Paperback,US$19.52,
384,Harry Potter and the Order of the Phoenix,J.K. Rowling,11 Oct 2022,Hardback,US$40.08,US$66.99
385,Loathe To Love You,Ali Hazelwood,03 Jan 2023,Paperback,US$10.72,US$12.03
386,Restore Me,Tahereh Mafi,05 Apr 2018,Paperback,US$11.46,
387,The Natural Order of Money,Roy Sebag,12 Dec 2022,Hardback,US$18.08,
388,The Hardest Fall,Ella Maise,27 Oct 2022,Paperback,US$11.48,
389,A.x.e.: Judgment Day,Kieron Gillen,21 Feb 2023,Paperback,US$31.22,US$34.99
390,Gideon the Ninth,Tamsyn Muir,14 Jul 2020,Paperback,US$12.95,US$17.99
391,The Little Book of Common Sense Investing,John C. Bogle,08 Dec 2017,Hardback,US$17.42,US$24.95
392,Where's Spot?,Eric Hill,16 Jun 2011,Board book,US$10.79,
393,"Beautiful World, Where Are You",Sally Rooney,07 Jun 2022,Paperback,US$10.89,
394,Conversations with Friends,Sally Rooney,01 Mar 2018,Paperback,US$10.73,
395,Wonder,R. J. Palacio,23 Jan 2013,Paperback,US$10.01,
396,Dune,Frank Herbert,23 Jul 2015,Paperback,US$11.64,US$12.03
397,It's OK To Be Angry About Capitalism,Bernie Sanders,21 Feb 2023,Hardback,US$24.67,US$26.50
398,The Complete Guide to Memory,Richard Restak,09 Feb 2023,Hardback,US$20.56,US$22.88
399,James and the Giant Peach,Roald Dahl,16 Aug 2007,Paperback,US$8.30,US$8.99
400,Fight Club,Chuck Palahniuk,01 May 2006,Paperback,US$9.71,US$11.25
401,To Kill A Mockingbird,Harper Lee,29 Dec 2010,Paperback,US$10.21,
402,"Bungo Stray Dogs, Vol. 8 (light novel)",Kafka Asagiri,28 Jun 2022,Paperback,US$14.59,US$15.00
403,"Chainsaw Man, Vol. 10",Tatsuki Fujimoto,26 May 2022,Paperback,US$8.62,US$9.99
404,"Chainsaw Man, Vol. 3",Tatsuki Fujimoto,01 Apr 2021,Paperback,US$9.72,US$9.99
405,Flowers For Algernon,Daniel Keyes,13 Jan 2000,Paperback,US$9.29,US$12.64
406,The Choice,Edith Eger,16 Aug 2018,Paperback,US$14.72,
407,The Karamazov Brothers,Fyodor Dostoevsky,05 Jan 2010,Paperback,US$10.20,
408,The Expectation Effect,David Robson,29 Dec 2022,Paperback,US$11.46,US$13.24
409,Discipline Is Destiny,Ryan Holiday,27 Sep 2022,Hardback,US$15.40,US$18.06
410,The Happiness Cure,Dr Anders Hansen,16 Feb 2023,Paperback,US$17.05,US$18.06
411,The Three-Body Problem,Cixin Liu,01 Feb 2016,Paperback,US$14.21,
412,Becoming Supernatural,Dr Joe Dispenza,03 May 2019,Paperback,US$18.24,US$19.26
413,Hooked,Emily McIntire,20 Sep 2022,Paperback,US$12.56,
414,Fourth Wing,Rebecca Yarros,02 May 2023,Hardback,US$26.84,US$29.99
415,Living Untethered,Michael A. Singer,17 May 2022,Paperback,US$13.72,US$18.95
416,The Scum Villain's Self-Saving System,Mo Xiang Tong Xiu,14 Dec 2021,Paperback,US$15.37,US$19.99
417,Classroom of the Elite (Light Novel) Vol. 11,Syougo Kinugasa,10 May 2022,Paperback,US$12.37,US$13.99
418,House of Earth and Blood,Sarah Maas,03 Mar 2020,Hardback,US$32.80,
419,Piano Adventures Lesson Book Level 2A,,01 Jan 1997,Book,US$9.20,
420,Waking the Tiger: Healing Trauma,Peter A. Levine,02 May 2017,Paperback,US$17.29,US$18.95
421,"Saga, Volume 10",Brian K Vaughan,05 Oct 2022,Paperback,US$16.11,US$16.99
422,The Girl Who Fell Beneath the Sea,Axie Oh,23 Feb 2023,Paperback,US$8.94,US$10.83
423,"The Boy, the Mole, the Fox and the Horse: The Animated Story",Charlie Mackesy,22 Nov 2022,Hardback,US$26.19,
424,Closer to Love,Vex King,13 Feb 2023,Hardback,US$20.63,
425,Crying in H Mart,Michelle Zauner,03 Mar 2022,Paperback,US$12.35,
426,Harry Potter and the Chamber of Secrets: MinaLima Edition,J. K. Rowling,26 Oct 2021,Hardback,US$37.22,US$38.55
427,The Boy At the Back of the Class,Onjali Q. Rauf,12 Jul 2018,Paperback,US$9.87,
428,The Animal Orchestra Plays Beethoven,Sam Taplin,28 Oct 2021,Board book,US$16.69,
429,The Animal Orchestra Plays Mozart,Sam Taplin,29 Oct 2020,Board book,US$15.70,
430,Sorrow and Bliss,Meg Mason,28 Apr 2022,Paperback,US$10.34,US$10.83
431,The Surrender Experiment,Michael A. Singer,22 Sep 2016,Paperback,US$11.09,US$13.24
432,Ninth House,Leigh Bardugo,20 Oct 2020,Paperback,US$10.38,US$10.83
433,Shadows of Self,Brandon Sanderson,06 Oct 2016,Paperback,US$10.56,US$12.03
434,Equal Rites,Terry Pratchett,03 Apr 2014,Hardback,US$13.94,US$18.06
435,Reaper Man,Terry Pratchett,13 Nov 2013,Hardback,US$14.21,US$24.99
436,The Carrying,Ada Limon,07 Feb 2019,Paperback,US$9.57,US$13.24
437,The Cruel Prince (The Folk of the Air),Holly Black,26 Jul 2018,Paperback,US$10.04,US$10.83
438,Sashiko 365,Susan Briscoe,08 Nov 2022,Paperback,US$19.81,US$24.99
439,How To Do The Work,Nicole LePera,11 Mar 2021,Paperback,US$15.70,US$20.47
440,Shatter Me,Tahereh Mafi,05 Apr 2018,Paperback,US$10.82,
441,Letting Go,David R. Hawkins,03 Mar 2014,Paperback,US$15.91,US$18.99
442,Chip War,Chris Miller,04 Oct 2022,Paperback,US$26.83,
443,The 5 Love Languages,Gary Chapman,26 Mar 2015,Paperback,US$14.84,US$15.99
444,Steal Like an Artist,Austin Kleon,01 May 2012,Paperback,US$11.91,US$14.95
445,The Perfect Loaf,Maurizio Leo,08 Nov 2022,Hardback,US$47.29,
446,The Hero of Ages,Brandon Sanderson,11 Feb 2010,Paperback,US$13.57,US$14.22
447,Women Talking,Miriam Toews,19 Jan 2023,Paperback,US$11.52,
448,Women Talking,Miriam Toews,23 Jul 2019,Paperback,US$12.14,
449,In Order To Live,Yeonmi Park,07 Jul 2016,Paperback,US$12.38,US$13.24
450,The Enormous Crocodile,Roald Dahl,03 Sep 2009,Paperback,US$8.63,
451,The Magic Finger,Roald Dahl,18 Jul 2011,Paperback,US$7.04,US$7.99
452,The Snail and the Whale,Julia Donaldson,04 Jun 2006,Paperback,US$9.68,
453,The Outsiders,S E Hinton,04 Aug 2016,Paperback,US$11.28,
454,The Subtle Art of Not Giving a F*Ck,Mark Manson,13 Sep 2017,Paperback,US$19.90,
455,Howl's Moving Castle,Diana Wynne Jones,02 Sep 2011,Paperback,US$10.43,
456,Good Inside,Dr Becky Kennedy,15 Sep 2022,Paperback,US$18.20,
457,"Solo Leveling, Vol. 6",Chugong,21 Mar 2023,Paperback,US$18.12,US$20.00
458,the Silva Mind Control Method,Jose Silva,19 Apr 2022,Paperback,US$15.23,US$17.99
459,"[Oshi No Ko], Vol. 1",Aka Akasaka,17 Jan 2023,Paperback,US$12.33,US$13.00
460,"The Eminence in Shadow, Vol. 3 (light novel)",Daisuke Aizawa,27 Apr 2021,Hardback,US$19.35,US$20.00
461,"One Piece, Vol. 101",Eiichiro Oda,05 Jan 2023,Paperback,US$9.59,US$9.99
462,Wintering,Katherine May,12 Nov 2020,Paperback,US$13.31,
463,Sweet Bean Paste,Durian Sukegawa,14 Nov 2017,Paperback,US$9.43,US$16.99
464,The Gulag Archipelago,Aleksandr Solzhenitsyn,01 Nov 2018,Paperback,US$17.74,US$18.06
465,Armistice Runner,Tom Palmer,06 Sep 2018,Paperback,US$8.91,US$9.63
466,Powerless (Special Edition),Elsie Silver,10 Feb 2023,Paperback,US$25.27,
467,The Divine Project,Cardinal Joseph Ratzinger,25 Jan 2023,Paperback,US$18.12,US$18.95
468,Bored of Lunch: The Healthy Air Fryer Book,Nathan Anthony,16 Mar 2023,Hardback,US$21.21,US$22.88
469,Maame,Jessica George,14 Feb 2023,Hardback,US$17.41,US$18.06
470,The Ballad of Never After,Stephanie Garber,13 Sep 2022,Hardback,US$22.55,
471,The Dragon's Promise,Elizabeth Lim,30 Aug 2022,Hardback,US$19.77,US$20.47
472,Malibu Rising,Taylor Jenkins Reid,28 Apr 2022,Paperback,US$11.78,US$12.03
473,A Court of Silver Flames,Sarah J. Maas,26 May 2022,Paperback,US$15.11,
474,Love and Other Words,Christina Lauren,10 Apr 2018,Paperback,US$15.78,US$16.99
475,The Animal Orchestra Plays Bach,Sam Taplin,01 Sep 2022,Board book,US$15.90,
476,The Witcher Boxed Set,Andrzej Sapkowski,01 Oct 2020,Paperback,US$78.22,US$95.16
477,The Bands of Mourning,Brandon Sanderson,12 Jan 2017,Paperback,US$10.21,US$12.03
478,Guards! Guards!,Terry Pratchett,13 Mar 2014,Hardback,US$14.94,US$24.99
479,Sourcery,Terry Pratchett,06 Feb 2014,Hardback,US$14.08,US$24.99
480,Greenlights,Matthew McConaughey,01 Dec 2020,Paperback,US$15.63,US$18.06
481,Kindred,Octavia E. Butler,03 May 2018,Paperback,US$9.45,US$12.03
482,"Goodnight, Goodnight Construction Site",Sherri Duskey Rinke,14 Feb 2017,Board book,US$7.72,US$7.99
483,Spoon,Amy Krouse Rosenthal,07 Apr 2009,Hardback,US$18.57,
484,The Lion Inside,Rachel Bright,10 Mar 2016,Paperback,US$10.41,
485,Tabby McTat,Julia Donaldson,01 Dec 2020,Paperback,US$16.44,
486,Ten Little Fingers and Ten Little Toes,Mem Fox,07 Feb 2011,Board book,US$8.60,US$11.00
487,Diddly Squat,Jeremy Clarkson,26 May 2022,Paperback,US$11.85,US$13.24
488,Sparring Partners,John Grisham,03 Jan 2023,Paperback,US$9.20,US$10.83
489,Curse of the Shadow Dragon: A Branches Book (Dragon Masters #23),Tracey West,07 Mar 2023,Paperback,US$7.45,
490,Lost in the Moment and Found,Seanan McGuire,10 Jan 2023,Hardback,US$21.79,US$22.99
491,Girls That Invest: Your Guide to Financial Independence through Shares and Stocks,Simran Kaur,15 Aug 2022,Paperback,US$16.20,US$22.00
492,Essentialism,Greg McKeown,07 Jan 2021,Paperback,US$13.54,
493,Zero to One,Blake Masters,31 Oct 2018,Paperback,US$12.41,US$13.49
494,Just Kids,Patti Smith,04 Jan 2011,Paperback,US$14.53,
495,Baking Yesteryear,Author B. Dylan Hollis,25 Jul 2023,Hardback,US$28.64,US$32.00
496,Leaders Eat Last,Simon Sinek,12 Jul 2017,Paperback,US$12.62,US$13.24
497,Unreasonable Hospitality,Will Guidara,25 Oct 2022,Hardback,US$25.94,US$29.00
498,The Richest Man In Babylon,George S Clason,31 Oct 2018,Paperback,US$9.23,US$9.99
499,"Set Boundaries, Find Peace",Nedra Glover Tawwab,30 Mar 2021,Paperback,US$15.40,US$18.06
500,Mating in Captivity,Esther Perel,20 Sep 2007,Paperback,US$9.93,US$12.64
501,The Hawthorne Legacy,Jennifer Lynn Barnes,02 Aug 2022,Paperback,US$12.60,
502,The Paper Palace,Miranda Cowley Heller,28 Apr 2022,Paperback,US$12.11,
503,Beach Read,Emily Henry,20 Aug 2020,Paperback,US$10.72,US$10.83
504,The Light We Carry,Michelle Obama,15 Nov 2022,Hardback,US$26.28,US$30.12
505,Daring Greatly,Brene Brown,25 Jan 2016,Paperback,US$11.40,US$12.03
506,The Brothers Karamazov,Fyodor Dostoyevsky,01 Dec 2003,Paperback,US$14.91,US$17.00
507,The Explosive Child [Sixth Edition],"Ross W Greene, PhD",14 Oct 2021,Paperback,US$16.45,US$17.99
508,Babel,R F Kuang,23 Aug 2022,Hardback,US$20.98,US$27.99
509,Divergent Mind,Jenara Nerenberg,18 Mar 2021,Paperback,US$12.97,US$15.99
510,Never Split the Difference,Chris Voss,29 Jun 2018,Paperback,US$12.43,
511,Mike Hunt,Brad Gosse,11 Sep 2022,Paperback,US$11.84,
512,The Rainbow Fish,Marcus Pfister,01 Jul 2012,Paperback,US$8.31,US$9.95
513,School-Live! Letters,Norimitsu Kaihou,21 Feb 2023,Paperback,US$12.67,US$13.00
514,"Chainsaw Man, Vol. 11",Tatsuki Fujimoto,07 Jul 2022,Paperback,US$8.80,US$9.99
515,"Chainsaw Man, Vol. 2",Tatsuki Fujimoto,24 Dec 2020,Paperback,US$8.65,US$9.99
516,The Wall in the Middle of the Book,Jon Agee,03 Oct 2019,Paperback,US$10.89,
517,The Wordsmith,Patricia Forde,12 Jul 2018,Paperback,US$9.54,
518,The Picture of Dorian Gray,Oscar Wilde,01 Aug 1997,Paperback,US$4.75,US$6.99
519,The Perks of Being a Wallflower,Stephen Chbosky,10 Feb 2009,Paperback,US$10.32,US$10.83
520,Dinosaurs Love Underpants,Claire Freedman,05 Jun 2008,Paperback,US$9.89,
521,The Years - WINNER OF THE 2022 NOBEL PRIZE IN LITERATURE,Annie Ernaux,20 Oct 2022,Paperback,US$11.20,US$11.99
522,The Housemaid,Freida McFadden,26 Apr 2022,Paperback,US$16.83,
523,Lonely Planet Japan,Lonely Planet,08 Mar 2022,Paperback,US$21.92,US$29.99
524,The Concise Laws of Human Nature,Robert Greene,30 Apr 2020,Paperback,US$10.36,US$12.03
525,"Piano Exam Pieces 2023 & 2024, ABRSM Grade 2",ABRSM,09 Jun 2022,Sheet music,US$11.60,
526,The Body Code,Dr Bradley Nelson,23 Feb 2023,Paperback,US$31.19,
527,In the Realm of Hungry Ghosts,Gabor Maté,04 Oct 2018,Paperback,US$14.98,US$15.65
528,Scarred,Emily McIntire,01 Nov 2022,Paperback,US$11.81,
529,It's Ok That You're Not Ok,Megan Devine,01 Oct 2017,Paperback,US$15.70,US$16.95
530,On Earth We're Briefly Gorgeous,Ocean Vuong,17 Sep 2020,Paperback,US$11.14,US$12.03
531,Breasts and Eggs,Mieko Kawakami,10 Jun 2021,Paperback,US$12.16,
532,A Court of Wings and Ruin,Sarah J. Maas,05 Jun 2020,Paperback,US$14.08,
533,Range,David Epstein,01 Oct 2020,Paperback,US$12.66,US$13.24
534,Dune Messiah,Frank Herbert,16 May 2018,Paperback,US$10.60,US$12.03
535,Wyrd Sisters,Terry Pratchett,03 Apr 2014,Hardback,US$14.12,US$18.06
536,Violet Bent Backwards Over the Grass,Lana Del Rey,29 Sep 2020,Hardback,US$18.76,US$20.47
537,On Writing,Stephen King,01 Sep 2020,Paperback,US$9.73,US$19.75
538,Expecting Better,Emily Oster,09 Aug 2018,Paperback,US$9.61,US$12.03
539,Guess How Much I Love You,Sam McBratney,19 Dec 2014,Board book,US$9.40,
540,The Girl Who Never Made Mistakes,Gary Rubinstein,04 Nov 2011,Hardback,US$12.68,US$16.99
541,"Medical Medium Brain Saver Protocols, Cleanses & Recipes",Anthony William,11 Oct 2022,Hardback,US$31.49,US$44.99
542,Artpreneur,Miriam Schulman,16 Feb 2023,Paperback,US$18.51,US$19.99
543,After I Do,Taylor Jenkins Reid,05 Jan 2023,Paperback,US$10.08,US$10.83
544,A Psalm for the Wild-Built,Becky Chambers,13 Jul 2021,Hardback,US$18.38,US$20.99
545,Extreme Ownership,Jocko Willink,06 Dec 2017,Hardback,US$20.13,US$27.99
546,Toe by Toe,Keda Cowling,01 Dec 1993,Paperback,US$41.44,
547,The Way I Used to Be,Amber Smith,12 Jan 2023,Paperback,US$10.67,US$10.83
548,There Was an Old Lady Who Swallowed a Fly,,01 Dec 2000,Board book,US$8.26,
549,The Fair Play Deck,Eve Rodsky,27 Oct 2020,Cards,US$22.75,
550,Toxic Superfoods,Sally Norton,03 Jan 2023,Paperback,US$16.81,US$18.00
551,The Well of Ascension,Brandon Sanderson,11 Dec 2009,Paperback,US$18.81,
552,The Metamorphosis,Franz Kafka,04 Dec 1996,Paperback,US$3.60,
553,Man and His Symbols,Carl G. Jung,01 Jun 1997,Paperback,US$9.84,
554,One Dark Window,Rachel Gillig,29 Sep 2022,Paperback,US$10.77,US$12.03
555,The Huge Bag of Worries,Virginia Ironside,06 Jan 2011,Paperback,US$12.37,
556,The World,Simon Sebag Montefiore,01 Nov 2022,Hardback,US$37.87,US$42.16
557,Open Water,Caleb Azumah Nelson,03 Feb 2022,Paperback,US$11.03,
558,Beyond Order,Jordan B. Peterson,05 May 2022,Paperback,US$14.15,
559,Norwegian Wood,Haruki Murakami,04 Jul 2003,Paperback,US$11.91,
560,The Power Of Positive Thinking,Norman Vincent Peale,01 Oct 2004,Paperback,US$10.70,
561,Godkiller,Hannah Kaner,19 Jan 2023,Hardback,US$21.57,
562,Raising Boys in the 21st Century,Steve Biddulph,19 Apr 2018,Paperback,US$14.97,US$15.65
563,The Dragon Republic,R.F. Kuang,06 Aug 2020,Paperback,US$14.22,
564,"Oh, The Places You'll Go!",Dr. Seuss,01 Jun 2017,Paperback,US$10.14,US$15.50
565,"Men Are from Mars, Women Are from Venus",John Gray,14 Jun 2018,Paperback,US$11.54,US$12.03
566,Meine Reise durch Asien,Rita Berman,26 Aug 2022,Paperback,US$14.36,
567,Your Next Five Moves,Patrick Bet-David,22 Jul 2021,Paperback,US$12.59,US$17.99
568,"Alya Sometimes Hides Her Feelings in Russian, Vol. 2",Sunsunsun,21 Feb 2023,Paperback,US$13.00,US$15.00
569,"Spy x Family, Vol. 4",Tatsuya Endo,29 Apr 2021,Paperback,US$8.63,US$9.99
570,"Spy x Family, Vol. 2",Tatsuya Endo,17 Sep 2020,Paperback,US$8.66,US$9.99
571,A Certain Hunger,Chelsea G Summers,19 Oct 2021,Paperback,US$16.42,US$18.00
572,The Girl Who Drank the Moon,Kelly Barnhill,24 Aug 2017,Paperback,US$8.59,US$9.63
573,The Culture Code,Daniel Coyle,24 Oct 2019,Paperback,US$12.21,US$13.24
574,The Birds And Other Stories,Daphne Du Maurier,06 May 2004,Paperback,US$15.21,
575,Poetry Unbound,Pádraig Ó Tuama,06 Oct 2022,Hardback,US$22.05,US$24.09
576,The Beekeeper of Aleppo,Christy Lefteri,01 Apr 2020,Paperback,US$9.14,US$10.83
577,Little Sticker Dolly Dressing Easter,Fiona Watt,03 Mar 2022,Paperback,US$8.41,
578,The Starseed Oracle,Rebecca Campbell,13 Jan 2020,Cards,US$17.48,US$24.99
579,Food for Life,Tim Spector,15 Mar 2023,Hardback,US$39.99,
580,How to make the best coffee at home,James Hoffmann,04 Oct 2022,Hardback,US$17.50,US$19.99
581,The Power of Geography,Tim Marshall,01 Oct 2021,Paperback,US$13.27,
582,Wretched,Emily McIntire,01 Nov 2022,Paperback,US$12.41,
583,Blue Lock 1,Muneyuki Kaneshiro,21 Jun 2022,Paperback,US$12.99,
584,Mushoku Tensei: Jobless Reincarnation (Light Novel) Vol. 20,Rifujin Na Magonote,31 Jan 2023,Paperback,US$12.34,US$13.99
585,House of Earth and Blood ( Crescent City ),Sarah Maas,02 Mar 2021,Paperback,US$20.27,
586,The Untethered Soul,Michael A. Singer,28 Nov 2013,Hardback,US$19.60,US$24.95
587,Piano adventures Lesson Book 1,,01 Jan 1996,Book,US$9.20,
588,The Noma Guide to Fermentation (Foundations of Flavor),Rene Redzepi,16 Oct 2018,Hardback,US$31.45,US$40.00
589,Japanese For Busy People 1: Romanized Version,AJALT,10 Apr 2012,Paperback,US$28.29,
590,The Girl Who Fell Beneath the Sea,Axie Oh,22 Feb 2022,Hardback,US$18.18,US$20.47
591,Things We Do Not Tell the People We Love,Huma Qureshi,09 Jun 2022,Paperback,US$10.10,US$12.03
592,Where the Light Fell,Philip Yancey,06 Oct 2022,Paperback,US$10.42,US$13.24
593,Rita Hayworth and Shawshank Redemption,Stephen King,29 Sep 2020,Paperback,US$7.35,US$9.63
594,The Song of Achilles,Madeline Miller,02 Sep 2021,Hardback,US$25.69,
595,Berserk Deluxe Volume 12,Kentaro Miura,29 Dec 2022,Hardback,US$54.54,
596,Complex PTSD,Pete Walker,13 Dec 2013,Paperback,US$22.53,
597,Short Stories in French for Beginners,Olly Richards,13 Nov 2018,Paperback,US$10.13,US$14.99
598,Arcanum Unbounded,Brandon Sanderson,05 Oct 2017,Paperback,US$12.89,US$13.24
599,Bright Dead Things,Ada Limon,07 Feb 2019,Paperback,US$9.66,US$13.24
600,Stellarlune,Shannon Messenger,08 Nov 2022,Paperback,US$13.36,
601,Uzumaki (3-in-1 Deluxe Edition),Junji Ito,21 Nov 2013,Hardback,US$27.87,
602,Harry Potter and the Philosopher's Stone,J. K. Rowling,01 Sep 2014,Paperback,US$9.89,US$15.64
603,Find Me,Tahereh Mafi,17 Oct 2019,Paperback,US$10.09,US$10.83
604,Imagine Me,Tahereh Mafi,02 Apr 2020,Paperback,US$11.46,
605,An Irish Atlantic Rainforest,Eoghan Daltun,15 Sep 2022,Hardback,US$18.47,US$20.47
606,Maybe in Another Life,Taylor Jenkins Reid,20 Jan 2022,Paperback,US$10.96,
607,Rhythm of War,Brandon Sanderson,28 Jun 2022,Paperback,US$15.29,
608,One Up On Wall Street,Peter Lynch,31 Oct 2018,Paperback,US$13.29,US$18.99
609,Ariel,Sylvia Plath,02 Nov 2010,Hardback,US$14.27,US$14.95
610,The Remains of the Day,Kazuo Ishiguro,01 Apr 2010,Paperback,US$11.05,US$12.03
611,Be Here Now,Ram Dass,23 Nov 2015,Paperback,US$17.84,
612,"The Boy Who Was Raised as a Dog, 3rd Edition",Bruce D. Perry,31 Aug 2017,Paperback,US$16.93,US$18.99
613,Polyvagal Exercises for Safety and Connection,Deb Dana,28 Apr 2020,Paperback,US$19.75,US$27.50
614,The Unabridged Journals of Sylvia Plath,Sylvia Plath,17 Oct 2000,Paperback,US$23.05,
615,Jade City,Fonda Lee,28 Jun 2018,Paperback,US$11.42,US$12.03
616,Signs,Laura Lynne Jackson,18 Jun 2019,Paperback,US$14.36,US$18.06
617,Taste,Stanley Tucci,29 Sep 2022,Paperback,US$11.74,US$12.03
618,One,Jamie Oliver,01 Sep 2022,Hardback,US$34.54,
619,Games People Play,Eric Berne,21 Jul 2016,Paperback,US$10.71,US$12.03
620,Roald Dahl Magical Gift Set (4 Books),Roald Dahl,28 Oct 2010,Paperback,US$28.68,US$31.96
621,Revolting Rhymes,Roald Dahl,15 Jul 2011,Paperback,US$10.61,
622,Antifragile,Nassim Nicholas Taleb,08 Nov 2013,Paperback,US$15.30,US$15.65
623,Crime and Punishment,Fyodor Dostoyevsky,01 Jan 2021,Paperback,US$12.62,US$16.00
624,Persepolis I & II,Marjane Satrapi,28 Jun 2011,Paperback,US$12.99,US$17.75
625,Brave New World,Aldous Huxley,07 Jun 2011,Paperback,US$11.31,US$12.03
626,The End of the World Is Just the Beginning,Peter Zeihan,07 Jul 2022,Hardback,US$27.87,US$37.50
627,I'm a Big Sister,Joanna Cole,01 Apr 2010,Hardback,US$8.29,
628,Babel,R.F. Kuang,01 Sep 2022,Hardback,US$24.14,
629,A Path through the Jungle,Professor Steve Peters,19 Oct 2021,Paperback,US$22.83,
630,"Bungo Stray Dogs: Beast, Vol. 4",Kafka Asagiri,17 Jan 2023,Paperback,US$14.28,
631,"The Angel Next Door Spoils Me Rotten, Vol. 1 (light novel)",Saekisan,15 Dec 2020,Paperback,US$14.79,US$15.00
632,"Kaiju No. 8, Vol. 5",Naoya Matsumoto,16 Mar 2023,Paperback,US$13.29,
633,Demon Slayer Complete Box Set,Koyoharu Gotouge,09 Dec 2021,Paperback,US$186.00,US$199.99
634,"Jujutsu Kaisen, Vol. 2",Gege Akutami,20 Feb 2020,Paperback,US$9.69,US$9.99
635,"Jujutsu Kaisen, Vol. 1",,26 Dec 2019,Paperback,US$9.71,US$9.99
636,101 Essays That Will Change The Way You Think,Brianna Wiest,01 Oct 2016,Paperback,US$31.16,
637,"Let's Talk About Body Boundaries, Consent and Respect",Jayneen Sanders,10 Nov 2017,Paperback,US$11.79,
638,Commit 2 Lead!,Enda McNulty,23 Feb 2023,Paperback,US$21.61,
639,Maybe You Should Talk to Someone,Lori Gottlieb,01 Dec 2022,Paperback,US$12.89,US$13.24
640,What If?,Randall Munroe,04 Aug 2022,Paperback,US$17.89,
641,The Good Life,Robert Waldinger,12 Jan 2023,Hardback,US$21.48,
642,The Wim Hof Method,Wim Hof,14 Apr 2022,Paperback,US$10.94,US$12.03
643,Man's Search For Meaning,Viktor E Frankl,06 May 2004,Paperback,US$11.73,US$12.03
644,The Housemaid's Secret,Freida McFadden,20 Feb 2023,Paperback,US$15.25,
645,Killer in the Kremlin,John Sweeney,12 Sep 2023,Paperback,US$11.03,US$19.99
646,Ninja Dual Zone Air Fryer Cookbook,Sandra G Howarth,17 Feb 2022,Paperback,US$17.46,
647,The Dinner Lady Detectives,Hannah Hendy,18 Nov 2021,Paperback,US$5.89,US$10.83
648,Mbappe (Ultimate Football Heroes - the No. 1 football series),Matt & Tom Oldfield,27 Dec 2018,Paperback,US$7.83,US$8.42
649,The Daily Laws,Robert Greene,07 Oct 2021,Paperback,US$18.14,US$19.26
650,Do Not Open This Book,Andy Lee,08 Feb 2018,Paperback,US$8.23,US$9.63
651,"Piano Exam Pieces 2023 & 2024, ABRSM Grade 5",ABRSM,09 Jun 2022,Sheet music,US$14.67,
652,"Discovering Music Theory, The ABRSM Grade 1 Workbook",,08 Oct 2020,Sheet music,US$12.96,
653,Untamed,Glennon Doyle,25 May 2020,Paperback,US$18.08,
654,Eat to Beat Disease: The Body's Five Defence Systems and the Foods that Could Save Your Life,Dr William Li,03 May 2019,Paperback,US$23.49,
655,Prisoners of Geography,Tim Marshall,02 Jun 2016,Paperback,US$12.12,
656,Numberblocks Annual 2023,Sweet Cherry Publishing,06 Oct 2022,Hardback,US$15.68,
657,Brain Games For Clever Kids (R),Gareth Moore,01 Oct 2014,Paperback,US$6.01,US$7.99
658,The Nice House on the Lake Vol. 2,James Tynion IV,07 Mar 2023,Paperback,US$20.55,
659,Ninja Kid 1-8: the Amazing Ninja Pack!,Anh Do,01 Oct 2022,Paperback,US$50.94,US$61.23
660,Life: What Nat To Do,Nat's What I Reckon,15 Nov 2022,Hardback,US$21.12,US$29.99
661,The Prison Healer,Lynette Noni,14 Mar 2023,Paperback,US$12.17,US$13.60
662,Blue Lock 4,Muneyuki Kaneshiro,20 Dec 2022,Paperback,US$14.46,
663,Blue Lock 3,Muneyuki Kaneshiro,25 Oct 2022,Paperback,US$13.29,
664,Wildflower Watercolor,Sushma Hegde,14 Mar 2023,Paperback,US$20.58,US$22.99
665,Classroom of the Elite: Year 2 (Light Novel) Vol. 4,Syougo Kinugasa,07 Feb 2023,Paperback,US$14.51,US$14.99
666,A Court of Thorns and Roses Hardcover Box Set,Sarah J. Maas,12 Oct 2021,Hardback,US$136.76,
667,Do a Powerbomb,Daniel Warren Johnson,07 Mar 2023,Paperback,US$22.37,US$24.99
668,Project Hail Mary,Andy Weir,06 Oct 2022,Paperback,US$12.60,
669,The Promise,Damon Galgut,03 Mar 2022,Paperback,US$11.42,US$12.03
670,The Monsters of Rookhaven,Padraig Kenny,30 Sep 2021,Paperback,US$10.36,
671,The Art and Making of Hogwarts Legacy: Exploring the Unwritten Wizarding World,Warner Bros.,16 Feb 2023,Hardback,US$49.36,
672,I Want to Die but I Want to Eat Tteokbokki,Baek Sehee,23 Jun 2022,Hardback,US$15.85,
673,What I Wish People Knew About Dementia,Wendy Mitchell,02 Feb 2023,Paperback,US$11.16,US$12.03
674,Piranesi,Susanna Clarke,02 Sep 2021,Paperback,US$10.36,US$10.83
675,The Montessori Baby,Simone Davies,11 May 2021,Paperback,US$16.99,US$19.95
676,The Montessori Toddler,Simone Davies,12 Apr 2019,Paperback,US$16.25,US$19.95
677,All The Lovers In The Night,Mieko Kawakami,12 May 2022,Paperback,US$16.03,US$18.06
678,Berserk Deluxe Volume 11,Kentaro Miura,28 Jul 2022,Hardback,US$55.02,
679,Berserk Deluxe Volume 1,Kentaro Miura,25 Apr 2019,Hardback,US$55.80,
680,Principles,Ray Dalio,06 Nov 2017,Hardback,US$30.00,US$32.50
681,Percy Jackson and the Olympians,Rick Riordan,03 Jun 2014,Paperback,US$42.47,
682,Relentless,Tim S. Grover,13 Mar 2014,Paperback,US$12.37,US$17.99
683,The Other Side,Jennifer Higgie,02 Feb 2023,Hardback,US$20.96,US$26.50
684,Mistborn Trilogy Boxed Set,Brandon Sanderson,14 May 2015,Paperback,US$46.12,
685,How the King of Elfhame Learned to Hate Stories (The Folk of the Air series),Holly Black,24 Nov 2020,Hardback,US$17.56,US$20.47
686,Barefoot Kids,Scott Pape,07 Nov 2022,Paperback,US$33.75,
687,Press Here,Herve Tullet,19 Feb 2019,Board book,US$9.34,
688,Children of Time,Adrian Tchaikovsky,10 Oct 2016,Paperback,US$13.76,US$14.95
689,Timeless Textured Baby Crochet,Vita Apala,18 Apr 2023,Paperback,US$22.37,US$24.99
690,Heartstopper Volume 4,Alice Oseman,13 May 2021,Paperback,US$12.81,US$13.24
691,Heartstopper Volume 3,Alice Oseman,06 Feb 2020,Paperback,US$12.23,US$13.24
692,Asterix: How Obelix Fell Into The Magic Potion,Rene Goscinny,07 Sep 2010,Paperback,US$11.30,US$12.99
693,"Dragon Ball (3-in-1 Edition), Vol. 13",Akira Toriyama,13 Jun 2016,Paperback,,
694,First Thousand Words in English,Heather Amery,01 Nov 2017,Paperback,US$11.82,
695,Where's Wally?,Martin Handford,26 Jul 2011,Paperback,US$5.94,
696,A Not So Meet Cute,Meghan Quinn,15 Sep 2022,Paperback,US$12.38,
697,The Salt Path,Raynor Winn,31 Jan 2019,Paperback,US$10.99,US$13.24
698,The Complete Short Stories,Roald Dahl,12 Sep 2013,Paperback,US$17.72,US$32.75
699,Defy Me,Tahereh Mafi,17 Oct 2019,Paperback,US$10.90,
700,The Awe of God,John Bevere,21 Feb 2023,Hardback,US$27.56,US$28.99
701,Healing Through Words,Rupi Kaur,27 Sep 2022,Hardback,US$24.15,
702,Polyvagal Card Deck,Deb Dana,27 Sep 2022,Cards,US$17.85,US$18.95
703,"Crucial Conversations: Tools for Talking When Stakes are High, Third Edition",Joseph Grenny,21 Oct 2021,Paperback,US$17.23,US$22.00
704,I Know Why The Caged Bird Sings,Maya Angelou,28 Aug 2018,Paperback,US$9.71,US$14.22
705,Show Your Work!,Austin Kleon,11 Mar 2014,Paperback,US$11.55,US$14.95
706,The Five People You Meet In Heaven,Mitch Albom,14 Sep 2005,Paperback,US$8.75,US$12.64
707,Vertical Growth - How Self-Awareness Transforms Leaders and Organisations,Michael Bunting,28 Sep 2022,Paperback,US$15.83,US$21.00
708,Surface Decoration for Ceramics,Claire Ireland,30 Dec 2022,Paperback,US$29.99,
709,My Book with No Pictures,B. J. Novak,19 Nov 2019,Paperback,US$10.57,
710,Fingerprints of the Gods,Graham Hancock,02 Apr 1996,Paperback,US$25.48,
711,The Prince,Niccolò Machiavelli,02 Jan 2000,Paperback,US$3.80,US$4.00
712,Notes from the Underground,Fyodor Dostoyevsky,02 Jan 2000,Paperback,US$3.88,
713,The Woman Destroyed,Simone de Beauvoir,01 Sep 1987,Paperback,US$14.90,US$17.00
714,Kaikeyi,Vaishnavi Patel,27 Oct 2022,Paperback,US$12.18,
715,The Ministry for the Future,Kim Stanley Robinson,21 Oct 2021,Paperback,US$11.58,US$12.03
716,My Killer Vacation,Tessa Bailey,07 Jul 2022,Paperback,US$9.41,US$12.03
717,Mistakes Were Made,Meryl Wilsner,11 Oct 2022,Paperback,US$9.94,US$12.03
718,Of Mice and Men,Mr John Steinbeck,23 Feb 2023,Hardback,US$11.58,US$12.03
719,Diary of a Wimpy Kid: Diper OEverloede (Book 17),Jeff Kinney,25 Oct 2022,Hardback,US$14.81,US$15.65
720,The Climate Book,Greta Thunberg,27 Oct 2022,Hardback,US$34.50,
721,Kay's Marvellous Medicine,Adam Kay,21 Jul 2022,Paperback,US$11.81,
722,Eric Carle's Book of Amazing Animals,Eric Carle,04 Nov 2021,Hardback,US$19.49,
723,Emerald and the Ocean Parade,Harriet Muncaster,02 Mar 2023,Hardback,US$12.05,
724,Room on the Broom,Julia Donaldson,25 Aug 2003,Paperback,US$9.08,
725,The Gruffalo,Julia Donaldson,02 Mar 2006,Paperback,US$10.55,
726,A New Earth,Eckhart Tolle,01 Mar 2009,Paperback,US$13.63,US$19.75
727,Secretly Yours,Tessa Bailey,16 Feb 2023,Paperback,US$11.37,US$17.99
728,These Violent Delights,Micah Nemerever,29 Sep 2021,Paperback,US$16.64,US$17.99
729,The Forgotten Bookshop in Paris,Daisy Wood,07 Mar 2023,Paperback,US$11.39,US$16.99
730,Believe Me,Tahereh Mafi,16 Nov 2021,Paperback,US$10.42,US$10.83
731,The Hobbit & The Lord of the Rings Boxed Set,J. R. R. Tolkien,01 Jul 2020,Hardback,US$145.21,
732,The Midnight Gang,David Walliams,08 Feb 2018,Paperback,US$11.34,
733,All the Light We Cannot See,Anthony Doerr,01 May 2015,Paperback,US$13.43,
734,Gangsta Granny,David Walliams,28 Feb 2013,Paperback,US$11.23,
735,Murder on the Orient Express,Agatha Christie,04 Jun 2001,Paperback,US$8.42,
736,The Never King,Nikki St Crowe,21 Feb 2022,Paperback,US$17.00,
737,"Elden Ring Official Strategy Guide, Vol. 2 : Shards of the Shattering",Future Press,31 Mar 2023,Hardback,US$43.12,US$48.17
738,"Sasaki and Miyano, Vol. 8",Shou Harusono,23 May 2023,Paperback,US$13.55,
739,"Hirano and Kagiura, Vol. 2 (manga)",Shou Harusono,21 Mar 2023,Paperback,US$11.64,US$13.00
740,"The Angel Next Door Spoils Me Rotten, Vol. 4 (light novel)",Saekisan,25 Oct 2022,Paperback,US$15.73,
741,"Death March to the Parallel World Rhapsody, Vol. 18 (light novel)",Hiro Ainana,21 Feb 2023,Paperback,US$13.47,US$15.00
742,"Bungo Stray Dogs: Dead Apple, Vol. 2",Bungo Stray Dogs DA Partners,21 Feb 2023,Paperback,US$12.56,US$13.00
743,"Chainsaw Man, Vol. 12",Tatsuki Fujimoto,09 Nov 2023,Paperback,US$8.94,US$9.99
744,Look Back,Tatsuki Fujimoto,13 Oct 2022,Paperback,US$11.11,US$12.99
745,"Chainsaw Man, Vol. 9",Tatsuki Fujimoto,31 Mar 2022,Paperback,US$8.90,US$9.99
746,"Chainsaw Man, Vol. 5",Tatsuki Fujimoto,24 Jun 2021,Paperback,US$9.43,US$9.99
747,"Spy x Family, Vol. 1",Tatsuya Endo,25 Jun 2020,Paperback,US$12.03,
748,The Serpent and the Wings of Night,Carissa Broadbent,30 Aug 2022,Hardback,US$41.50,
749,The Molecule of More,Daniel Z. Lieberman,03 Sep 2019,Paperback,US$13.97,US$19.95
750,The Trees,Percival Everett,24 Mar 2022,Paperback,US$12.70,
751,Bliss Montage,Ling Ma,29 Sep 2022,Paperback,US$18.38,
752,Pattern Magic,Tomoko Nakamichi,06 Oct 2010,Paperback,US$18.64,US$24.95
753,The Idiot,Fyodor Dostoevsky,01 Jan 1998,Paperback,US$8.02,
754,The Book of Form and Emptiness,Ruth Ozeki,24 Mar 2022,Paperback,US$12.56,
755,Capitalist Realism (New Edition) - Is there no alternative?,Mark Fisher,15 Dec 2022,Paperback,US$11.87,US$14.95
756,Building a Second Brain,Tiago Forte,14 Jun 2022,Paperback,US$14.27,US$18.06
757,Southern Way 60,,25 Jan 2023,Paperback,US$16.33,US$18.01
758,The Grace of Kings,Ken Liu,11 Nov 2021,Paperback,US$15.39,
759,How to Talk so Kids Will Listen and Listen so Kids Will Talk,Adele Faber,14 Jul 2022,Paperback,US$11.88,US$15.65
760,My Brilliant Friend,Elena Ferrante,05 Mar 2020,Paperback,US$12.76,
761,Lonely Planet Morocco,Lonely Planet,08 Oct 2021,Paperback,US$19.59,US$27.99
762,"Piano Exam Pieces 2023 & 2024, ABRSM Grade 3",ABRSM,09 Jun 2022,Sheet music,US$12.82,
763,The Magic of Thinking Big,David J Schwartz,25 Feb 2016,Paperback,US$14.40,US$15.65
764,Entangled Life,Merlin Sheldrake,02 Sep 2021,Paperback,US$14.53,
765,The Heart's Invisible Furies,John Boyne,28 Dec 2017,Paperback,US$14.95,
766,Rest is Resistance,Tricia Hersey,13 Oct 2022,Paperback,US$20.07,US$20.47
767,Chip,Kylie Howarth,01 Dec 2018,Paperback,US$21.63,
768,3 Minute Positivity Journal,Kristen Butler,27 Nov 2021,Paperback,US$11.89,US$16.99
769,In My Dreams I Hold a Knife,Ashley Winstead,23 Jun 2022,Paperback,US$11.01,US$16.99
770,Teenage Mutant Ninja Turtles: The Last Ronin,Kevin Eastman,05 Jul 2022,Hardback,US$26.57,US$29.99
771,"Can ""The Whole World"" Be Wrong?",Richard Landes,08 Dec 2022,Paperback,US$25.84,
772,DARLING in the FRANXX Vol. 5-6,Code:000,20 Sep 2022,Paperback,US$15.81,US$19.99
773,The 6 Types of Working Genius,Patrick M. Lencioni,27 Sep 2022,Hardback,US$21.18,US$25.00
774,Piano Adventures All-In-Two Primer Lesson/Theory,,27 Aug 2013,Book,US$17.70,
775,The Bhagavad Gita,Eknath Easwaran,28 Jun 2007,Paperback,US$11.59,US$11.95
776,Healing Back Pain (Reissue Edition),John E. Sarno,29 Mar 2018,Paperback,US$7.84,US$9.99
777,Gleanings,Neal Shusterman,10 Nov 2022,Paperback,US$10.29,US$10.83
778,Seven Days in June,Tia Williams,07 Jun 2022,Paperback,US$9.75,US$12.03
779,Burn After Writing,Sharon Jones,20 May 2021,Paperback,US$12.27,
780,Green Living Made Easy,Nancy Birtwhistle,15 Apr 2022,Hardback,US$16.67,US$22.95
781,Harry Potter and the Prisoner of Azkaban: MinaLima Edition,J.K. Rowling,03 Oct 2023,Hardback,US$43.13,US$48.19
782,You Don't Know What War Is,Yeva Skalietska,25 Oct 2022,Paperback,US$11.48,US$12.03
783,Swimming in the Dark,Tomasz Jedrowski,18 Feb 2021,Paperback,US$10.53,US$10.83
784,The 57 Bus,Dashka Slater,31 May 2018,Paperback,US$8.84,US$9.63
785,"""Cause Unknown""",Ed Dowd,19 Jan 2023,Hardback,US$35.33,
786,This is Going to Hurt,Adam Kay,19 Apr 2018,Paperback,US$11.45,US$12.03
787,Our Iceberg is Melting,John Kotter,05 Oct 2017,Hardback,US$18.74,
788,Berserk Deluxe Volume 3,Kentaro Miura,07 Nov 2019,Hardback,US$54.30,
789,Berserk Deluxe Volume 2,Kentaro Miura,09 Jul 2019,Hardback,US$55.56,
790,Why We Sleep,Matthew Walker,19 Jun 2018,Paperback,US$16.51,US$18.00
791,The Conscious Parent,Dr Shefali Tsabary,15 Jan 2015,Paperback,US$15.27,US$20.47
792,The Light Fantastic,Terry Pratchett,07 Aug 2014,Hardback,US$13.81,US$18.06
793,Soul Music,Terry Pratchett,05 Dec 2013,Hardback,US$14.93,US$24.99
794,The Queen of Nothing (The Folk of the Air #3),Holly Black,23 Jul 2020,Paperback,US$10.23,US$10.83
795,We Were Liars,E. Lockhart,13 May 2014,Paperback,US$10.41,
796,The 26-Storey Treehouse,Andy Griffiths,07 May 2015,Paperback,US$14.48,
797,Misery,Stephen King,01 Jul 2011,Paperback,US$17.15,US$18.25
798,"20th Century Boys: The Perfect Edition, Vol. 1",Naoki Urasawa,01 Nov 2018,Paperback,US$22.63,
799,"Nana, Vol. 7",Ai Yazawa,01 Sep 2008,Paperback,,
800,"Slam Dunk, Vol. 1",Takehiko Inoue,17 May 2018,Paperback,US$9.45,US$9.99
801,Love on the Brain,Ali Hazelwood,23 Aug 2022,Paperback,US$9.76,US$10.83
802,The Squirrels Who Squabbled,Rachel Bright,08 Feb 2018,Paperback,US$7.80,US$8.42
803,Unite Me,Tahereh Mafi,13 Jun 2019,Paperback,US$10.13,US$10.83
804,Medical Medium Cleanse to Heal,Anthony William,10 Jun 2020,Hardback,US$42.03,
805,Medical Medium Brain Saver,Anthony William,11 Oct 2022,Hardback,US$34.99,US$49.99
806,Wisdom of the Oracle Divination Cards,Colette Baron-Reid,29 Sep 2017,Cards,US$16.79,US$23.99
807,A Heart That Works,Rob Delaney,20 Oct 2022,Hardback,US$18.93,US$20.47
808,Fairy Tale,Stephen King,06 Sep 2022,Hardback,US$23.34,US$26.50
809,Worst Week Ever! Monday,Eva Amores,05 Jan 2023,Paperback,US$8.87,
810,The Spanish Love Deception,Elena Armas,28 Oct 2021,Paperback,US$10.46,US$10.83
811,And Away...,Bob Mortimer,26 May 2022,Paperback,US$10.73,
812,Hogwarts Legacy: The Official Game Guide,Paul Davies,07 Mar 2023,Paperback,US$19.65,
813,The Atlas Six,Olivie Blake,01 Mar 2022,Hardback,US$16.60,US$25.99
814,Shuna's Journey,Hayao Miyazaki,01 Nov 2022,Hardback,US$25.10,US$27.99
815,The Last Diet.,Shahroo Izadi,07 Apr 2020,Paperback,US$20.23,US$21.99
816,RecipeTin Eats: Dinner,Nagi Maehashi,27 Feb 2023,Hardback,US$38.64,
817,Coaching Habit,Bungay Michael Stainer,17 Mar 2016,Paperback,US$14.92,
818,"Diagnostic and Statistical Manual of Mental Disorders, Fifth Edition, Text Revision (DSM-5-TR (TM))",American Psychiatric Association,06 Apr 2022,Paperback,US$138.78,US$170.00
819,As a Man Thinketh,James Allen,01 Sep 1979,Paperback,US$4.75,
820,Trans,Helen Joyce,14 Jun 2022,Paperback,US$12.29,US$17.95
821,And Still I Rise,Dr Maya Angelou,08 May 1986,Paperback,US$7.92,US$14.22
822,The Book of Disquiet,Fernando Pessoa,19 Sep 2017,Hardback,US$29.57,
823,Keys From the Golden Vault (Dungeons & Dragons Adventure Book),"Wizards, RPG Team",21 Feb 2023,Hardback,US$47.03,US$49.95
824,The Making of a Manager,Julie Zhuo,21 Mar 2019,Paperback,US$16.35,US$18.06
825,Career of Evil,Robert Galbraith,21 Apr 2016,Paperback,US$19.55,
826,The Will to Change,Bell Hooks,01 Feb 2005,Paperback,US$12.59,US$17.99
827,John Thompson's Easiest Piano Course 1,John Thompson,01 Jan 2000,Book,US$9.22,
828,The Funniest Boy in the World,Helen Rutter,02 Feb 2023,Paperback,US$9.56,
829,We're Going on a Bear Hunt,Michael Rosen,01 Oct 1997,Board book,US$9.51,
830,The Way of Kings Part Two,Brandon Sanderson,16 Jun 2011,Paperback,US$11.42,US$20.25
831,On Connection,Kae Tempest,11 Oct 2022,Paperback,US$8.72,US$10.95
832,Kitchen,Banana Yoshimoto,01 Mar 2018,Paperback,US$10.33,US$12.03
833,Old God's Time,Sebastian Barry,02 Mar 2023,Hardback,US$24.25,
834,The Wonky Donkey,Craig Smith,30 Nov 2018,Paperback,US$8.06,
835,Beyond Good and Evil,Friedrich Nietzsche,02 Jan 2000,Paperback,US$4.70,US$5.00
836,Meditations,Marcus Aurelius,01 Feb 1998,Paperback,US$3.94,US$4.00
837,All Quiet on the Western Front,Erich Maria Remarque,01 Jun 1995,Paperback,US$8.60,US$8.99
838,Hot Thai Kitchen,Pailin Chongchitnant,06 Feb 2020,Paperback,US$29.58,
839,Holes,Louis Sachar,30 Sep 2011,Paperback,US$8.74,US$8.99
840,Project Nought,Chelsey Furedi,16 Mar 2023,Paperback,US$22.67,
841,The Terraformers,Annalee Newitz,02 Feb 2023,Paperback,US$9.61,US$12.03
842,The Shadow of the Gods,John Gwynne,27 Jan 2022,Paperback,US$11.43,US$12.03
843,Babylon's Ashes,James S. A. Corey,26 Oct 2017,Paperback,US$12.00,
844,Part of Your World,Abby Jimenez,19 Apr 2022,Paperback,US$10.02,US$12.03
845,Bridgerton: Romancing Mr Bridgerton (Bridgertons Book 4),Julia Quinn,11 Feb 2021,Paperback,US$9.13,US$10.83
846,The Tipping Point,Malcolm Gladwell,01 Mar 2014,Paperback,US$11.96,
847,First 100 Words,Roger Priddy,10 May 2011,Board book,US$7.31,
848,Interaction of Color,Josef Albers,01 Nov 2020,Paperback,US$19.37,US$19.95
849,The Art of Gathering,Priya Parker,16 May 2019,Paperback,US$12.53,US$13.24
850,Manifest: Dive Deeper,Roxie Nafousi,05 Jan 2023,Hardback,US$19.79,US$20.47
851,Kay's Anatomy,Adam Kay,27 May 2021,Paperback,US$11.53,
852,The Ice Palace,Tarjei Vesaas,25 Jan 2018,Paperback,US$9.88,US$10.83
853,Pedagogy of the Oppressed,Paulo Freire,06 Apr 2017,Paperback,US$10.68,US$12.03
854,The Great Gatsby,F. Scott Fitzgerald,29 Sep 2014,Paperback,US$7.01,US$11.95
855,Isadora Moon and the New Girl,Harriet Muncaster,02 Mar 2023,Paperback,US$7.42,US$8.42
856,Where Is the Green Sheep?,Judy Horacek,16 Mar 2009,Board book,US$9.76,
857,One Of Us Is Lying,Karen M. McManus,01 Jun 2017,Paperback,US$10.88,
858,The Book With No Pictures,B. J. Novak,04 Feb 2016,Paperback,US$10.29,
859,Percy Jackson and the Lightning Thief (Book 1),Rick Riordan,04 Jul 2013,Paperback,US$12.26,
860,The Wonderful Story of Henry Sugar,Roald Dahl,01 May 2000,Paperback,US$8.60,
861,The Haunting of Hill House,Shirley Jackson,01 Oct 2009,Paperback,US$11.22,US$22.00
862,Blueberries for Sal,Robert McCloskey,23 May 2016,Paperback,US$6.29,US$8.99
863,The Old Man and the Sea,Ernest Hemingway,18 Aug 1994,Paperback,US$8.49,US$13.25
864,"Guns, Germs and Steel",Jared Diamond,26 Apr 2000,Paperback,US$15.35,US$22.00
865,In Praise of Shadows,Junichiro Tanizaki,01 Sep 2006,Paperback,US$8.48,US$16.00
866,The 4-Hour Work Week,Timothy Ferriss,12 Jun 2013,Paperback,US$18.19,US$26.75
867,Journey to the Heart,Melody Beattie,01 Jun 2010,Paperback,US$12.13,US$16.99
868,The Subtle Art of Not Giving a F*ck,Mark Manson,17 Nov 2016,Hardback,US$19.86,US$26.99
869,The Year of Magical Thinking,Joan Didion,13 May 2021,Paperback,US$11.38,US$12.03
870,The Burning God,R.F. Kuang,28 Oct 2021,Paperback,US$14.06,
871,1984 Nineteen Eighty-Four,George Orwell,07 Jan 2021,Paperback,US$6.75,
872,The Wilful Princess and the Piebald Prince,Robin Hobb,04 Dec 2017,Paperback,US$10.34,US$10.83
873,With the End in Mind,Kathryn Mannix,07 Feb 2019,Paperback,US$11.95,
874,Looking for Alaska,John Green,27 Feb 2015,Paperback,US$10.50,US$10.83
875,The Day the Crayons Quit,Drew Daywalt,31 Jul 2014,Paperback,US$11.17,
876,Play It As It Lays,Joan Didion,10 Nov 2011,Paperback,US$10.11,US$19.50
877,The Year of Magical Thinking,Joan Didion,26 Aug 2011,Paperback,US$12.29,US$17.75
878,"Villains Are Destined to Die, Vol. 1",SUOL,08 Nov 2022,Paperback,US$19.86,
879,Japanese Layout Design,,15 Dec 2022,Paperback,US$20.43,US$30.00
880,Meine Reise durch Europa: Ausmalen und geniessen,Rita Berman,27 Aug 2021,Paperback,US$15.07,
881,"Bungo Stray Dogs, Vol. 7 (light novel)",Kafka Asagiri,18 Jan 2022,Paperback,US$12.53,US$15.00
882,"Re:ZERO -Starting Life in Another World-, Vol. 21 (light novel)",Tappei Nagatsuki,21 Mar 2023,Paperback,US$13.57,US$15.00
883,"86 - EIGHTY SIX, Vol. 4 (light novel)",Asato Asato,31 Mar 2020,Paperback,US$12.99,US$14.00
884,"One-Punch Man, Vol. 24",ONE,08 Dec 2022,Paperback,US$9.55,US$9.99
885,"Megumi & Tsugumi, Vol. 1",Mitsuru Si,30 Mar 2023,Paperback,US$13.06,
886,"Spy x Family, Vol. 3",Tatsuya Endo,21 Jan 2021,Paperback,US$11.97,
887,"Jujutsu Kaisen, Vol. 4",Gege Akutami,25 Jun 2020,Paperback,US$9.36,US$9.99
888,Heal. Grow. Love.,Pierre Alex Jeanty,19 Jan 2021,Paperback,US$25.05,
889,The Secret Life Of Sunflowers,Marta Molnar,09 Oct 2022,Paperback,US$24.94,
890,My Mouth is a Volcano!,Julia Cook,01 Oct 2005,Paperback,US$10.44,US$10.95
891,"Different, Not Less",Chloe Hayden,04 Apr 2023,Paperback,US$17.25,US$19.99
892,Cursed Bunny,Bora Chung,15 Jul 2021,Paperback,US$14.65,US$15.65
893,Conform To Deform,Doyle Wesley,14 Feb 2023,Paperback,US$20.15,US$24.95
894,The Legend of Zelda: Breath of the Wild the Complete Official Guide,Piggyback,13 Feb 2018,Hardback,US$53.90,
895,The Roots of Love,"Svagito, R Liebermeister",30 Nov 2006,Paperback,US$26.44,US$32.99
896,Born to Run,Christopher McDougall,15 Apr 2010,Paperback,US$10.12,US$12.03
897,Pride and Prejudice,Jane Austen,01 Aug 1997,Paperback,US$5.36,US$6.99
898,The Magic,Rhonda Byrne,06 Mar 2012,Paperback,US$12.51,US$15.65
899,Proust and the Squid,Maryanne Wolf,06 Nov 2008,Paperback,US$8.13,US$12.03
900,The World for Sale,Javier Blas,10 Mar 2022,Paperback,US$14.11,
901,Being Mortal,Atul Gawande,02 Jul 2015,Paperback,US$12.22,US$13.24
902,The Trap,David Icke,01 Sep 2022,Paperback,US$16.81,US$20.00
903,Nettle & Bone,T. Kingfisher,28 Feb 2023,Paperback,US$12.56,
904,Dilla Time,Dan Charnas,02 Feb 2023,Paperback,US$15.98,
905,The Iron Kingdom,Nick Kyme,02 Mar 2023,Paperback,US$14.32,US$16.00
906,Lonely Planet Sicily,Lonely Planet,08 Feb 2022,Paperback,US$16.22,US$21.99
907,The Rose Oracle,Rebecca Campbell,01 Mar 2022,Cards,US$17.24,US$26.99
908,Outsmart Your Brain,Daniel Willingham,02 Feb 2023,Paperback,US$16.74,US$20.47
909,Cribsheet,Emily Oster,09 Apr 2020,Paperback,US$12.39,US$13.24
910,The Book of Lost Names,Kristin Harmel,01 May 2021,Paperback,US$8.18,US$10.83
911,Metamorphosis,Robert Douglas-Fairhurst,16 Feb 2023,Hardback,US$21.97,US$22.88
912,Spice Kitchen,Sanjay Aggarwal,25 May 2023,Hardback,US$29.09,US$32.50
913,Paradise Rot,Jenny Hval,02 Oct 2018,Paperback,US$13.67,US$19.95
914,Neymar (Ultimate Football Heroes - the No. 1 football series),Matt & Tom Oldfield,01 Jan 2018,Paperback,US$6.68,US$10.99
915,"Piano Exam Pieces 2023 & 2024, ABRSM Grade 8",ABRSM,09 Jun 2022,Sheet music,US$19.26,
916,"Piano Exam Pieces 2023 & 2024, ABRSM Grade 1",ABRSM,09 Jun 2022,Sheet music,US$11.52,
917,"Discovering Music Theory, The ABRSM Grade 3 Workbook",,08 Oct 2020,Sheet music,US$14.07,
918,The Myth of Normal,Gabor Mate,07 Mar 2024,Paperback,US$14.29,
919,The Dark Forest,Cixin Liu,14 Jul 2016,Paperback,US$15.91,
920,When Breath Becomes Air,Paul Kalanithi,05 Jan 2017,Paperback,US$12.30,
921,The Memory Police,Yoko Ogawa,06 Aug 2020,Paperback,US$12.67,
922,The Book Thief,Markus Zusak,11 Oct 2016,Paperback,US$13.12,
923,In Love,Amy Bloom,02 Feb 2023,Paperback,US$11.13,US$12.03
924,Work Your Light Oracle Cards,Rebecca Campbell,09 Nov 2020,Cards,US$16.13,US$21.99
925,The Universe Has Your Back,Gabrielle Bernstein,05 Oct 2016,Paperback,US$18.44,
926,Fabric,Victoria Finlay,03 Nov 2022,Paperback,US$13.53,
927,Mastery,Robert Greene,19 Nov 2012,Paperback,US$24.11,US$33.75
928,Pattern Magic 3,Tomoko Nakamichi,02 Jul 2018,Paperback,US$17.50,US$30.00
929,Six of Crows,Leigh Bardugo,02 Jun 2016,Paperback,US$10.91,
930,Maths Games for Clever Kids (R),Gareth Moore,08 Mar 2018,Paperback,US$5.86,US$7.22
931,The Gene Keys,Richard Rudd,09 May 2013,Paperback,US$27.95,US$32.95
932,The Deal,Elle Kennedy,24 Feb 2015,Paperback,US$13.58,US$16.99
933,Disney Villains: Wicked 8-Book Collection,,01 Jul 2022,Paperback,US$41.84,US$47.62
934,Throttled Special Edition,Lauren Asher,09 Jan 2020,Paperback,US$20.03,
935,ACT for Treating Children,Tamar D. Black,09 Jun 2022,Paperback,US$33.04,US$54.95
936,The Do-Over,Lynn Painter,08 Dec 2022,Paperback,US$11.59,
937,Blue Lock 2,Muneyuki Kaneshiro,30 Aug 2022,Paperback,US$13.29,
938,I Like You,Kate Allan,09 May 2023,Board book,US$25.42,
939,Mushoku Tensei: Jobless Reincarnation (Light Novel) Vol. 21,Rifujin Na Magonote,21 Mar 2023,Paperback,US$12.52,US$13.99
940,Thousand Autumns: Qian Qiu (Novel) Vol. 2,Meng Xi Shi,25 Jul 2023,Paperback,US$17.89,US$19.99
941,The Case Files of Jeweler Richard (Light Novel) Vol. 3,Nanako Tsujimura,28 Feb 2023,Paperback,US$13.41,US$14.99
942,Grandmaster of Demonic Cultivation: Mo Dao Zu Shi (Novel) Vol. 5,Mo Xiang Tong Xiu,02 May 2023,Paperback,US$17.89,US$19.99
943,"The Girl From the Other Side: Siuil, a Run Deluxe Edition I (Vol. 1-3 Hardcover Omnibus)",Nagabe,02 Aug 2022,Hardback,US$35.96,US$42.99
944,Love Me,Kyockcho,21 Feb 2023,Paperback,US$21.75,
945,Flour Water Salt Yeast,Ken Forkish,16 Jan 2017,Hardback,US$31.46,US$35.00
946,Thinking in Systems,Donella Meadows,03 Dec 2008,Paperback,US$14.23,US$19.95
947,Healing Trauma,Peter Levine,01 Oct 2008,Mixed media product,US$10.67,US$14.95
948,Ethereal Visions,Matt Hughes,01 Oct 2018,Cards,US$20.28,US$23.95
949,Kingdom of Ash (Miniature Character Collection),Sarah J. Maas,05 Nov 2019,Paperback,US$13.70,US$14.99
950,Regretting You,Colleen Hoover,10 Dec 2019,Paperback,US$11.59,US$14.95
951,The Last Hours 3: Chain of Thorns,Cassandra Clare,31 Jan 2023,Paperback,US$23.37,
952,My Body,Emily Ratajkowski,13 Sep 2022,Paperback,US$9.31,US$12.03
953,The Body,Stephen King,09 Sep 2021,Paperback,US$7.66,US$9.63
954,Lady in Waiting,Anne Glenconner,01 Dec 2020,Paperback,US$10.45,US$13.24
955,Kingdom of the Wicked,Kerri Maniscalco,14 Sep 2021,Paperback,US$9.40,US$10.83
956,I Will Teach You To Be Rich (2nd Edition),Ramit Sethi,30 Apr 2020,Paperback,US$16.26,US$20.47
957,The Lincoln Highway,Amor Towles,07 Jul 2022,Paperback,US$13.82,
958,Spoon-Fed,Tim Spector,01 Jul 2022,Paperback,US$12.45,US$17.95
959,Ottolenghi Test Kitchen: Extra Good Things,Yotam Ottolenghi,29 Sep 2022,Paperback,US$30.00,
960,The Atlas Six,Olivie Blake,15 Sep 2022,Paperback,US$12.59,
961,The Murders at Fleat House,Lucinda Riley,19 Jan 2023,Paperback,US$12.90,
962,The House in the Cerulean Sea,TJ Klune,16 Sep 2021,Paperback,US$12.66,
963,Clean & Green,Nancy Birtwhistle,01 Jun 2021,Hardback,US$17.40,US$24.99
964,Our Wives Under The Sea,Julia Armfield,16 Mar 2023,Paperback,US$12.93,
965,The Storm Sister,Lucinda Riley,21 Mar 2019,Paperback,US$11.10,US$12.03
966,Lollypop Stew,Christine Bunn,03 Mar 2023,Paperback,US$10.63,
967,A Court of Frost and Starlight,Sarah J. Maas,05 Jun 2020,Paperback,US$10.24,US$10.83
968,This Is Happiness,Niall Williams,09 Jul 2020,Paperback,US$12.91,
969,All the Living and the Dead,Hayley Campbell,16 Feb 2023,Paperback,US$10.44,US$10.83
970,Keep Going,Austin Kleon,02 Apr 2019,Paperback,US$11.43,US$12.95
971,The Complete Guide to Memory,Richard Restak,15 Sep 2022,Hardback,US$23.55,US$26.99
972,If Cats Disappeared From The World,Genki Kawamura,20 Sep 2018,Paperback,US$11.01,US$12.03
973,The Smartest Giant in Town,Julia Donaldson,12 Sep 2016,Paperback,US$8.96,US$12.25
974,Monkey Puzzle,Julia Donaldson,13 Sep 2016,Paperback,US$9.83,US$12.25
975,A Squash and a Squeeze,Julia Donaldson,23 Sep 2016,Paperback,US$9.08,US$12.75
976,The Song Walker,Zillah Bethell,02 Feb 2023,Paperback,US$10.39,
977,Britt-Marie Was Here,Fredrik Backman,17 Nov 2016,Paperback,US$9.59,US$12.03
978,Mistborn: Secret History,Brandon Sanderson,10 Jan 2019,Hardback,US$10.83,US$13.24
979,The Left Hand of Darkness,Ursula K. Le Guin,13 Apr 2017,Paperback,US$9.60,US$12.03
980,The Final Empire,Brandon Sanderson,15 Sep 2016,Hardback,US$19.47,US$22.88
981,Pyramids,Terry Pratchett,17 Jan 2014,Hardback,US$14.49,US$24.99
982,Parable of the Sower,Octavia E. Butler,19 Sep 2019,Paperback,US$9.45,US$12.03
983,The Ocean at the End of the Lane,Neil Gaiman,10 Apr 2014,Paperback,US$15.35,
984,The Stolen Heir,Holly Black,03 Jan 2023,Hardback,US$18.36,US$20.47
985,Hopeless,Colleen Hoover,02 Apr 2015,Paperback,US$11.13,US$13.00
986,Internal Family Systems Therapy,Richard C. Schwartz,23 Oct 2019,Hardback,US$48.12,
987,The Hormone Cure,Dr. Sara Gottfried,13 Mar 2014,Paperback,US$21.32,
988,The 52-Storey Treehouse,Andy Griffiths,10 Oct 2016,Paperback,US$15.89,
989,The 39-Storey Treehouse,Andy Griffiths,30 Jul 2015,Paperback,US$14.56,
990,The Paper Dolls,Julia Donaldson,06 Jun 2013,Paperback,US$9.80,US$11.10
991,Red Rising,Pierce Brown,25 Sep 2014,Paperback,US$9.88,US$12.03
992,Every Good Endeavour,Timothy Keller,17 Jul 2014,Paperback,US$9.97,US$13.24
993,Marcy's Journal,Adam Colás,06 Dec 2022,Paperback,US$18.42,
994,"The First 90 Days, Updated and Expanded: Proven Strategies for Getting Up to Speed Faster and Smarter",Michael Watkins,15 May 2013,Hardback,US$24.58,US$30.00
995,"One Piece (Omnibus Edition), Vol. 1",Eiichiro Oda,23 Jun 2011,Paperback,US$16.10,
996,"Vagabond (VIZBIG Edition), Vol. 5",Takehiko Inoue,06 Nov 2014,Paperback,US$37.63,
997,Look Inside an Airport,Rob Lloyd Jones,10 Apr 2014,Board book,US$15.23,US$15.79
998,Look Inside Things That Go,Rob Lloyd Jones,01 Nov 2013,Board book,US$13.40,
999,Peppa Pig: Little Library,Peppa Pig,16 Jun 2011,Board book,US$8.99,
1000,Harry Potter and the Chamber of Secrets,J. K. Rowling,11 Sep 2014,Paperback,US$10.50,
1001,The Koala Who Could Board Book,Rachel Bright,08 Mar 2018,Board book,US$8.68,
1002,The Koala Who Could,Rachel Bright,17 Feb 2017,Paperback,US$8.54,
1003,Catching Fire,Suzanne Collins,07 Feb 2012,Paperback,US$11.31,US$18.00
1004,The Hunger Games,Suzanne Collins,20 Feb 2012,Paperback,US$11.36,US$18.00
1005,Small in the City,Sydney Smith,03 Sep 2020,Paperback,US$9.56,
1006,We're Going on a Bear Hunt,Michael Rosen,05 May 2016,Hardback,US$6.61,US$7.23
1007,Black Cake,Charmaine Wilkerson,16 Feb 2023,Paperback,US$11.24,
1008,The Blackbird,Tim Weaver,16 Feb 2023,Paperback,US$11.39,
1009,Anxious People,Fredrik Backman,19 Aug 2021,Paperback,US$11.99,
1010,Angel Answers Oracle Cards,Radleigh Valentine,09 Nov 2020,Cards,US$19.42,US$19.99
1011,Breaking The Habit of Being Yourself,Dr. Joe Dispenza,15 Feb 2013,Paperback,US$16.73,US$16.99
1012,Archetype Cards,Caroline Myss,09 Nov 2020,Cards,US$17.07,US$29.99
1013,"Praying Like Monks, Living Like Fools",Tyler Staton,27 Oct 2022,Paperback,US$13.69,US$18.06
1014,Foxglove,Adalyn Grace,22 Aug 2023,Hardback,US$18.34,US$20.47
1015,Still Points,Brother Richard Hendrick,10 Jan 2023,Hardback,US$15.94,US$22.99
1016,Ten Things I Hate About Me,Joe Tracini,06 Dec 2022,Hardback,US$16.42,US$26.99
1017,"Forever, Interrupted",Taylor Jenkins Reid,05 Jan 2023,Paperback,US$10.08,US$10.83
1018,Legendborn,Tracy Deonn,15 Sep 2020,Paperback,US$12.31,
1019,Nick and Charlie,Alice Oseman,03 Jan 2023,Hardback,US$18.03,
